"date","SPY.Adjusted","DJI.Adjusted"
"2007-01-03",9533.036,12474.51953
"2007-01-04",9553.2656,12480.69043
"2007-01-05",9477.0664,12398.00977
"2007-01-08",9520.8984,12423.49023
"2007-01-09",9512.8072,12416.59961
"2007-01-10",9544.4992,12442.16016
"2007-01-11",9586.3088,12514.98047
"2007-01-12",9659.1368,12556.08008
"2007-01-16",9640.256,12582.58984
"2007-01-17",9644.3008,12577.15039
"2007-01-18",9611.932,12567.92969
"2007-01-19",9630.8152,12565.53027
"2007-01-22",9601.144,12477.16016
"2007-01-23",9629.4656,12533.7998
"2007-01-24",9707.0136,12621.76953
"2007-01-25",9593.0512,12502.55957
"2007-01-26",9584.2856,12487.01953
"2007-01-29",9578.8912,12490.78027
"2007-01-30",9628.7912,12523.30957
"2007-01-31",9693.5272,12621.69043
"2007-02-01",9751.52,12673.67969
"2007-02-02",9765.0064,12653.49023
"2007-02-05",9767.7048,12661.74023
"2007-02-06",9770.4008,12666.30957
"2007-02-07",9791.98,12666.87012
"2007-02-08",9779.1672,12637.62988
"2007-02-09",9706.34,12580.83008
"2007-02-12",9673.2968,12552.5498
"2007-02-13",9754.892,12654.84961
"2007-02-14",9818.9536,12741.86035
"2007-02-15",9831.7656,12765.00977
"2007-02-16",9827.0448,12767.57031
"2007-02-20",9847.9496,12786.63965
"2007-02-21",9843.9032,12738.41016
"2007-02-22",9836.4856,12686.01953
"2007-02-23",9798.0488,12647.48047
"2007-02-26",9789.2824,12632.25977
"2007-02-27",9406.936,12216.24023
"2007-02-28",9503.3648,12268.62988
"2007-03-01",9475.0432,12234.33984
"2007-03-02",9350.9664,12114.09961
"2007-03-05",9261.9552,12050.41016
"2007-03-06",9420.4224,12207.58984
"2007-03-07",9410.9824,12192.4502
"2007-03-08",9490.5536,12260.7002
"2007-03-09",9493.2504,12276.32031
"2007-03-12",9507.412,12318.62012
"2007-03-13",9322.6448,12075.95996
"2007-03-14",9392.1008,12133.40039
"2007-03-15",9404.9136,12159.67969
"2007-03-16",9378.5776,12110.41016
"2007-03-19",9491.6376,12226.16992
"2007-03-20",9543.7672,12288.09961
"2007-03-21",9700.8328,12447.51953
"2007-03-22",9693.3848,12461.13965
"2007-03-23",9707.6024,12481.00977
"2007-03-26",9694.7392,12469.07031
"2007-03-27",9671.7208,12397.29004
"2007-03-28",9601.3136,12300.36035
"2007-03-29",9611.468,12348.75
"2007-03-30",9613.4984,12354.34961
"2007-04-02",9624.3312,12382.2998
"2007-04-03",9727.9136,12510.2998
"2007-04-04",9738.7456,12530.0498
"2007-04-05",9765.1488,12560.2002
"2007-04-09",9778.6888,12569.13965
"2007-04-10",9790.1976,12573.84961
"2007-04-11",9750.2544,12484.62012
"2007-04-12",9793.5824,12552.95996
"2007-04-13",9838.2656,12612.12988
"2007-04-16",9931.692,12720.45996
"2007-04-17",9958.0952,12773.04004
"2007-04-18",9970.2816,12803.83984
"2007-04-19",9967.5736,12808.62988
"2007-04-20",10061.6776,12961.98047
"2007-04-23",10023.7648,12919.40039
"2007-04-24",10027.8264,12953.94043
"2007-04-25",10119.9,13089.88965
"2007-04-26",10131.4088,13105.5
"2007-04-27",10123.2848,13120.94043
"2007-04-30",10039.336,13062.91016
"2007-05-01",10065.0624,13136.13965
"2007-05-02",10123.9616,13211.87988
"2007-05-03",10178.8,13241.37988
"2007-05-04",10217.3888,13264.62012
"2007-05-07",10219.4192,13312.96973
"2007-05-08",10205.88,13309.07031
"2007-05-09",10233.6376,13362.87012
"2007-05-10",10126.6704,13215.12988
"2007-05-11",10213.3272,13326.21973
"2007-05-14",10190.9856,13346.78027
"2007-05-15",10193.6944,13383.83984
"2007-05-16",10263.4264,13487.53027
"2007-05-17",10243.1152,13476.71973
"2007-05-18",10332.4808,13556.53027
"2007-05-21",10327.064,13542.87988
"2007-05-22",10318.9408,13539.9502
"2007-05-23",10320.2944,13525.65039
"2007-05-24",10226.8672,13441.12988
"2007-05-25",10269.5192,13507.28027
"2007-05-29",10306.7544,13521.33984
"2007-05-30",10390.7032,13633.08008
"2007-05-31",10379.8704,13627.63965
"2007-06-01",10431.3232,13668.11035
"2007-06-04",10432.6784,13676.32031
"2007-06-05",10391.3808,13595.45996
"2007-06-06",10279.6728,13465.66992
"2007-06-07",10094.1744,13266.73047
"2007-06-08",10225.5128,13424.38965
"2007-06-11",10243.1152,13424.95996
"2007-06-12",10131.4088,13295.00977
"2007-06-13",10283.0592,13482.34961
"2007-06-14",10348.728,13553.73047
"2007-06-15",10407.6112,13639.48047
"2007-06-18",10395.3712,13612.98047
"2007-06-19",10421.2088,13635.41992
"2007-06-20",10276.384,13489.41992
"2007-06-21",10333.4976,13545.83984
"2007-06-22",10236.2688,13360.25977
"2007-06-25",10187.3144,13352.0498
"2007-06-26",10082.6056,13337.66016
"2007-06-27",10226.0696,13427.73047
"2007-06-28",10224.7104,13422.28027
"2007-06-29",10228.1088,13408.62012
"2007-07-02",10320.5784,13535.42969
"2007-07-03",10357.9752,13577.2998
"2007-07-05",10347.096,13565.83984
"2007-07-06",10401.4904,13611.67969
"2007-07-09",10409.6496,13649.96973
"2007-07-10",10261.4256,13501.7002
"2007-07-11",10334.1784,13577.87012
"2007-07-12",10497.36,13861.73047
"2007-07-13",10528.6368,13907.25
"2007-07-16",10527.2768,13950.98047
"2007-07-17",10521.8368,13971.5498
"2007-07-18",10502.7992,13918.21973
"2007-07-19",10543.5952,14000.41016
"2007-07-20",10436.8472,13851.08008
"2007-07-23",10468.804,13943.41992
"2007-07-24",10287.2632,13716.9502
"2007-07-25",10308.3408,13785.07031
"2007-07-26",10064.248,13473.57031
"2007-07-27",9866.3896,13265.46973
"2007-07-30",10020.7328,13358.30957
"2007-07-31",9907.8648,13211.99023
"2007-08-01",9956.1392,13362.37012
"2007-08-02",10035.6912,13463.33008
"2007-08-03",9777.32,13181.91016
"2007-08-06",9941.1824,13468.78027
"2007-08-07",10047.2504,13504.2998
"2007-08-08",10187.3144,13657.86035
"2007-08-09",9885.428,13270.67969
"2007-08-10",9839.1928,13239.54004
"2007-08-13",9874.548,13236.53027
"2007-08-14",9723.6056,13028.91992
"2007-08-15",9589.66,12861.46973
"2007-08-16",9661.7328,12845.78027
"2007-08-17",9839.1928,13079.08008
"2007-08-20",9834.4328,13121.34961
"2007-08-21",9854.1504,13090.86035
"2007-08-22",9971.0984,13236.12988
"2007-08-23",9962.2592,13235.87988
"2007-08-24",10085.3256,13378.87012
"2007-08-27",9991.496,13322.12988
"2007-08-28",9771.8808,13041.84961
"2007-08-29",9963.6184,13289.29004
"2007-08-30",9937.1016,13238.73047
"2007-08-31",10035.0112,13357.74023
"2007-09-04",10136.32,13448.86035
"2007-09-05",10048.6088,13305.46973
"2007-09-06",10071.7272,13363.34961
"2007-09-07",9931.6632,13113.37988
"2007-09-10",9912.6248,13127.84961
"2007-09-11",10028.212,13308.38965
"2007-09-12",10054.0488,13291.65039
"2007-09-13",10124.7616,13424.87988
"2007-09-14",10124.0808,13442.51953
"2007-09-17",10069.6872,13403.41992
"2007-09-18",10366.1352,13739.38965
"2007-09-19",10427.328,13815.55957
"2007-09-20",10353.8952,13766.7002
"2007-09-21",10381.836,13820.19043
"2007-09-24",10362.7088,13759.05957
"2007-09-25",10342.2128,13778.65039
"2007-09-26",10396.8664,13878.15039
"2007-09-27",10458.3496,13912.94043
"2007-09-28",10423.508,13895.62988
"2007-10-01",10541.0104,14087.5498
"2007-10-02",10526.664,14047.30957
"2007-10-03",10505.4872,13968.0498
"2007-10-04",10521.8824,13974.30957
"2007-10-05",10646.8992,14066.00977
"2007-10-08",10590.1976,14043.73047
"2007-10-09",10689.9368,14164.53027
"2007-10-10",10672.1752,14078.69043
"2007-10-11",10620.9384,14015.12012
"2007-10-12",10679.6896,14093.08008
"2007-10-15",10589.5144,13984.7998
"2007-10-16",10505.4872,13912.94043
"2007-10-17",10537.5952,13892.54004
"2007-10-18",10499.3384,13888.95996
"2007-10-19",10224.712,13522.01953
"2007-10-22",10284.1456,13566.96973
"2007-10-23",10367.4904,13676.23047
"2007-10-24",10348.3616,13675.25
"2007-10-25",10372.9552,13671.91992
"2007-10-26",10494.556,13806.7002
"2007-10-29",10529.3968,13870.25977
"2007-10-30",10456.3,13792.46973
"2007-10-31",10564.9208,13930.00977
"2007-11-01",10317.62,13567.87012
"2007-11-02",10329.2336,13595.09961
"2007-11-05",10250.6712,13543.40039
"2007-11-06",10388.668,13660.94043
"2007-11-07",10104.4776,13300.01953
"2007-11-08",10053.2416,13266.29004
"2007-11-09",9915.2448,13042.74023
"2007-11-12",9816.8704,12987.5498
"2007-11-13",10116.0912,13307.08984
"2007-11-14",10088.0816,13231.00977
"2007-11-15",9942.5704,13110.0498
"2007-11-16",9959.6488,13176.79004
"2007-11-19",9820.9696,12958.44043
"2007-11-20",9881.0872,13010.13965
"2007-11-21",9678.8736,12799.04004
"2007-11-23",9846.2472,12980.87988
"2007-11-26",9629.0048,12743.44043
"2007-11-27",9739.6752,12958.44043
"2007-11-28",10051.192,13289.4502
"2007-11-29",10054.6072,13311.73047
"2007-11-30",10155.7144,13371.71973
"2007-12-03",10088.7648,13314.57031
"2007-12-04",9998.5888,13248.73047
"2007-12-05",10165.9608,13444.95996
"2007-12-06",10311.472,13619.88965
"2007-12-07",10309.4224,13625.58008
"2007-12-10",10389.352,13727.03027
"2007-12-11",10104.4776,13432.76953
"2007-12-12",10204.2168,13473.90039
"2007-12-13",10183.0392,13517.95996
"2007-12-14",10053.924,13339.84961
"2007-12-17",9910.4632,13167.2002
"2007-12-18",9965.7984,13232.46973
"2007-12-19",9965.7984,13207.26953
"2007-12-20",10028.648,13245.63965
"2007-12-21",10173.2144,13450.65039
"2007-12-24",10248.7584,13550.04004
"2007-12-26",10270.736,13551.69043
"2007-12-27",10141.6224,13359.61035
"2007-12-28",10116.2112,13365.87012
"2007-12-31",10041.3528,13264.82031
"2008-01-02",9953.4448,13043.95996
"2008-01-03",9948.6384,13056.71973
"2008-01-04",9704.832,12800.17969
"2008-01-07",9696.5912,12827.49023
"2008-01-08",9540.0064,12589.07031
"2008-01-09",9640.2752,12735.30957
"2008-01-10",9703.4592,12853.08984
"2008-01-11",9625.1664,12606.2998
"2008-01-14",9702.772,12778.15039
"2008-01-15",9489.1848,12501.11035
"2008-01-16",9407.4584,12466.16016
"2008-01-17",9163.652,12159.20996
"2008-01-18",9069.5648,12099.2998
"2008-01-22",8977.5368,11971.19043
"2008-01-23",9193.184,12270.16992
"2008-01-24",9270.7904,12378.61035
"2008-01-25",9136.868,12207.16992
"2008-01-28",9287.9592,12383.88965
"2008-01-29",9333.9736,12480.2998
"2008-01-30",9265.296,12442.83008
"2008-01-31",9434.2424,12650.36035
"2008-02-01",9586.0208,12743.19043
"2008-02-04",9465.148,12635.16016
"2008-02-05",9211.728,12265.12988
"2008-02-06",9137.5552,12200.09961
"2008-02-07",9197.9912,12247
"2008-02-08",9138.9296,12182.12988
"2008-02-11",9185.6296,12240.00977
"2008-02-12",9270.7904,12373.41016
"2008-02-13",9365.5648,12552.24023
"2008-02-14",9283.152,12376.98047
"2008-02-15",9281.092,12348.20996
"2008-02-19",9307.1896,12337.21973
"2008-02-20",9334.66,12427.25977
"2008-02-21",9257.0536,12284.2998
"2008-02-22",9314.056,12381.01953
"2008-02-25",9431.496,12570.21973
"2008-02-26",9502.2336,12684.91992
"2008-02-27",9492.6192,12694.28027
"2008-02-28",9399.9032,12582.17969
"2008-02-29",9190.4376,12266.38965
"2008-03-03",9168.4608,12258.90039
"2008-03-04",9133.4352,12213.7998
"2008-03-05",9191.124,12254.99023
"2008-03-06",9000.8872,12040.38965
"2008-03-07",8908.1728,11893.69043
"2008-03-10",8790.7336,11740.15039
"2008-03-11",9106.6512,12156.80957
"2008-03-12",9021.4904,12110.24023
"2008-03-13",9041.4064,12145.74023
"2008-03-14",8901.3048,11951.08984
"2008-03-17",8811.3376,11972.25
"2008-03-18",9177.3888,12392.66016
"2008-03-19",8950.0656,12099.66016
"2008-03-20",9115.8456,12361.32031
"2008-03-24",9298.052,12548.63965
"2008-03-25",9307.0248,12532.59961
"2008-03-26",9193.1456,12422.86035
"2008-03-27",9164.1584,12302.45996
"2008-03-28",9076.5056,12216.40039
"2008-03-31",9108.2544,12262.88965
"2008-04-01",9428.496,12654.36035
"2008-04-02",9434.7072,12608.91992
"2008-04-03",9458.1728,12626.03027
"2008-04-04",9447.8208,12609.41992
"2008-04-07",9452.6528,12612.42969
"2008-04-08",9442.9904,12576.44043
"2008-04-09",9374.6616,12527.25977
"2008-04-10",9387.776,12581.98047
"2008-04-11",9205.5696,12325.41992
"2008-04-14",9174.5104,12302.05957
"2008-04-15",9195.9072,12362.46973
"2008-04-16",9445.0608,12619.26953
"2008-04-17",9458.8632,12620.49023
"2008-04-18",9557.5584,12849.36035
"2008-04-21",9562.3904,12825.01953
"2008-04-22",9520.2896,12720.23047
"2008-04-23",9505.1056,12763.21973
"2008-04-24",9546.516,12848.9502
"2008-04-25",9634.8592,12891.86035
"2008-04-28",9636.9296,12871.75
"2008-04-29",9598.9688,12831.94043
"2008-04-30",9542.3744,12820.12988
"2008-05-01",9739.7648,13010
"2008-05-02",9766.6816,13058.2002
"2008-05-05",9719.7504,12969.54004
"2008-05-06",9803.952,13020.83008
"2008-05-07",9629.3368,12814.34961
"2008-05-08",9604.4912,12866.78027
"2008-05-09",9586.5456,12745.87988
"2008-05-12",9694.2136,12876.30957
"2008-05-13",9695.5936,12832.17969
"2008-05-14",9715.6088,12898.37988
"2008-05-15",9837.08,12992.66016
"2008-05-16",9846.0528,12986.7998
"2008-05-19",9872.9696,13028.16016
"2008-05-20",9792.9088,12828.67969
"2008-05-21",9627.2672,12601.19043
"2008-05-22",9628.6464,12625.62012
"2008-05-23",9499.584,12479.62988
"2008-05-27",9569.9824,12548.34961
"2008-05-28",9614.1536,12594.03027
"2008-05-29",9662.4656,12646.21973
"2008-05-30",9686.6224,12638.32031
"2008-06-02",9586.5456,12503.82031
"2008-06-03",9530.6416,12402.84961
"2008-06-04",9525.8112,12390.48047
"2008-06-05",9716.2992,12604.4502
"2008-06-06",9406.4096,12209.80957
"2008-06-09",9429.1856,12280.32031
"2008-06-10",9382.2544,12289.75977
"2008-06-11",9244.2184,12083.76953
"2008-06-12",9279.4176,12141.58008
"2008-06-13",9396.7472,12307.34961
"2008-06-16",9402.2688,12269.08008
"2008-06-17",9356.7184,12160.2998
"2008-06-18",9265.6144,12029.05957
"2008-06-19",9277.3472,12063.08984
"2008-06-20",9126.7608,11842.69043
"2008-06-23",9117.7432,11842.36035
"2008-06-24",9099.7096,11807.42969
"2008-06-25",9142.7144,11811.83008
"2008-06-26",8894.3952,11453.41992
"2008-06-27",8845.8408,11346.50977
"2008-06-30",8877.0552,11350.00977
"2008-07-01",8904.8,11382.25977
"2008-07-02",8752.2016,11215.50977
"2008-07-03",8761.2184,11288.54004
"2008-07-07",8671.74,11231.95996
"2008-07-08",8825.7256,11384.20996
"2008-07-09",8655.7872,11147.44043
"2008-07-10",8691.1624,11229.01953
"2008-07-11",8589.892,11100.54004
"2008-07-14",8512.2064,11055.19043
"2008-07-15",8392.208,10962.54004
"2008-07-16",8598.216,11239.28027
"2008-07-17",8684.2256,11446.66016
"2008-07-18",8738.3288,11496.57031
"2008-07-21",8743.184,11467.33984
"2008-07-22",8842.3728,11602.5
"2008-07-23",8890.2328,11632.37988
"2008-07-24",8705.7288,11349.28027
"2008-07-25",8703.6472,11370.69043
"2008-07-28",8576.02,11131.08008
"2008-07-29",8759.1376,11397.55957
"2008-07-30",8915.204,11583.69043
"2008-07-31",8797.2872,11378.01953
"2008-08-01",8750.8144,11326.32031
"2008-08-04",8669.6592,11284.15039
"2008-08-05",8903.4128,11615.76953
"2008-08-06",8942.9488,11656.07031
"2008-08-07",8809.7728,11431.42969
"2008-08-08",8973.4688,11734.32031
"2008-08-11",9066.4152,11782.34961
"2008-08-12",8972.0816,11642.46973
"2008-08-13",8917.9792,11532.95996
"2008-08-14",8985.26,11615.92969
"2008-08-15",9028.9584,11659.90039
"2008-08-18",8905.4928,11479.38965
"2008-08-19",8808.3848,11348.5498
"2008-08-20",8849.3096,11417.42969
"2008-08-21",8864.5696,11430.20996
"2008-08-22",8992.8904,11628.05957
"2008-08-25",8810.4656,11386.25
"2008-08-26",8836.1304,11412.87012
"2008-08-27",8922.1408,11502.50977
"2008-08-28",9030.3464,11715.17969
"2008-08-29",8933.2376,11543.95996
"2008-09-02",8877.748,11516.91992
"2008-09-03",8870.1176,11532.87988
"2008-09-04",8603.0712,11188.23047
"2008-09-05",8630.1224,11220.95996
"2008-09-08",8808.3848,11510.74023
"2008-09-09",8546.888,11230.73047
"2008-09-10",8581.5696,11268.91992
"2008-09-11",8705.7288,11433.70996
"2008-09-12",8745.9584,11421.99023
"2008-09-15",8329.7816,10917.50977
"2008-09-16",8469.2008,11059.01953
"2008-09-17",8088.3992,10609.66016
"2008-09-18",8328.3944,11019.69043
"2008-09-19",8659.1472,11388.44043
"2008-09-22",8463.1088,11015.69043
"2008-09-23",8270.56,10854.16992
"2008-09-24",8297.0704,10825.16992
"2008-09-25",8426.832,11022.05957
"2008-09-26",8431.0184,11143.12988
"2008-09-29",7770.3496,10365.4502
"2008-09-30",8091.9632,10850.66016
"2008-10-01",8096.8472,10831.07031
"2008-10-02",7803.1392,10482.84961
"2008-10-03",7697.7944,10325.37988
"2008-10-06",7305.72,9955.5
"2008-10-07",6978.5248,9447.11035
"2008-10-08",6802.7192,9258.09961
"2008-10-09",6327.6232,8579.19043
"2008-10-10",6174.1424,8451.19043
"2008-10-13",7070.6136,9387.61035
"2008-10-14",6965.9664,9310.99023
"2008-10-15",6280.184,8577.91016
"2008-10-16",6541.8,8979.25977
"2008-10-17",6502.732,8852.21973
"2008-10-20",6893.412,9265.42969
"2008-10-21",6687.6072,9033.66016
"2008-10-22",6323.4376,8519.20996
"2008-10-23",6396.6904,8691.25
"2008-10-24",6072.2864,8378.9502
"2008-10-27",5856.7144,8175.77002
"2008-10-28",6541.1032,9065.12012
"2008-10-29",6493.6624,8990.95996
"2008-10-30",6718.304,9180.69043
"2008-10-31",6755.2792,9325.00977
"2008-11-03",6774.8136,9319.83008
"2008-11-04",7005.0352,9625.28027
"2008-11-05",6710.6296,9139.26953
"2008-11-06",6338.7864,8695.79004
"2008-11-07",6548.0792,8943.80957
"2008-11-10",6462.2688,8870.54004
"2008-11-11",6262.7432,8693.95996
"2008-11-12",5987.1744,8282.66016
"2008-11-13",6360.4128,8835.25
"2008-11-14",6042.9856,8497.30957
"2008-11-17",5962.756,8273.58008
"2008-11-18",6075.0768,8424.75
"2008-11-19",5685.792,7997.27979
"2008-11-20",5263.7176,7552.29004
"2008-11-21",5547.6584,8046.41992
"2008-11-24",5932.06,8443.38965
"2008-11-25",5976.012,8479.46973
"2008-11-26",6206.932,8726.61035
"2008-11-28",6285.0672,8829.04004
"2008-12-01",5728.348,8149.08984
"2008-12-02",5948.8032,8419.08984
"2008-12-03",6091.82,8591.69043
"2008-12-04",5950.8968,8376.24023
"2008-12-05",6134.3768,8635.41992
"2008-12-08",6348.5528,8934.17969
"2008-12-09",6243.9064,8691.33008
"2008-12-10",6286.4632,8761.41992
"2008-12-11",6135.0744,8565.08984
"2008-12-12",6208.3264,8629.67969
"2008-12-15",6121.8192,8564.53027
"2008-12-16",6409.9456,8924.13965
"2008-12-17",6347.8552,8824.33984
"2008-12-18",6229.256,8604.99023
"2008-12-19",6202.46,8579.11035
"2008-12-22",6122.9856,8519.69043
"2008-12-23",6059.6888,8419.49023
"2008-12-24",6094.8544,8468.48047
"2008-12-26",6130.0192,8515.5498
"2008-12-29",6112.4368,8483.92969
"2008-12-30",6257.3184,8668.38965
"2008-12-31",6346.6376,8776.38965
"2009-01-02",6537.9368,9034.69043
"2009-01-05",6530.2008,8952.88965
"2009-01-06",6573.8056,9015.09961
"2009-01-07",6376.88,8769.7002
"2009-01-08",6402.9024,8742.45996
"2009-01-09",6265.7576,8599.17969
"2009-01-12",6115.2496,8473.96973
"2009-01-13",6126.5024,8448.55957
"2009-01-14",5933.7968,8200.13965
"2009-01-15",5935.9072,8212.49023
"2009-01-16",5982.3248,8281.21973
"2009-01-20",5666.5408,7949.08984
"2009-01-21",5911.2912,8228.09961
"2009-01-22",5819.8616,8122.7998
"2009-01-23",5845.18,8077.56006
"2009-01-26",5885.2688,8116.02979
"2009-01-27",5945.0496,8174.72998
"2009-01-28",6146.1952,8375.4502
"2009-01-29",5946.456,8149.00977
"2009-01-30",5825.488,8000.85986
"2009-02-02",5807.9056,7936.75
"2009-02-03",5889.4888,8078.35986
"2009-02-04",5860.6528,7956.66016
"2009-02-05",5947.8632,8063.06982
"2009-02-06",6117.36,8280.58984
"2009-02-09",6125.7992,8270.87012
"2009-02-10",5845.18,7888.87988
"2009-02-11",5879.6424,7939.52979
"2009-02-12",5883.8624,7932.75977
"2009-02-13",5820.5648,7850.41016
"2009-02-17",5571.5944,7552.6001
"2009-02-18",5558.2312,7555.62988
"2009-02-19",5498.4504,7465.9502
"2009-02-20",5444.9984,7365.66992
"2009-02-23",5250.1832,7114.77979
"2009-02-24",5449.2184,7350.93994
"2009-02-25",5406.3168,7270.89014
"2009-02-26",5318.404,7182.08008
"2009-02-27",5199.5448,7062.93018
"2009-03-02",4965.344,6763.29004
"2009-03-03",4928.0688,6726.02002
"2009-03-04",5044.8176,6875.83984
"2009-03-05",4838.7488,6594.43994
"2009-03-06",4847.188,6626.93994
"2009-03-09",4790.2208,6547.0498
"2009-03-10",5075.7624,6926.49023
"2009-03-11",5108.8184,6930.3999
"2009-03-12",5309.964,7170.06006
"2009-03-13",5351.4584,7223.97998
"2009-03-16",5335.2832,7216.97021
"2009-03-17",5498.4504,7395.7002
"2009-03-18",5621.5288,7486.58008
"2009-03-19",5551.9016,7400.7998
"2009-03-20",5433.68,7278.37988
"2009-03-23",5823.9752,7775.85986
"2009-03-24",5709.224,7659.97021
"2009-03-25",5769.4328,7749.81006
"2009-03-26",5887.0176,7924.56006
"2009-03-27",5780.7664,7776.18018
"2009-03-30",5581.0144,7522.02002
"2009-03-31",5632.7224,7608.91992
"2009-04-01",5741.8072,7761.6001
"2009-04-02",5909.6848,7978.08008
"2009-04-03",5968.4768,8017.58984
"2009-04-06",5921.7264,7975.8501
"2009-04-07",5783.6,7789.56006
"2009-04-08",5845.9336,7837.10986
"2009-04-09",6078.2688,8083.37988
"2009-04-13",6079.6864,8057.81006
"2009-04-14",5974.852,7920.18018
"2009-04-15",6038.6024,8029.62012
"2009-04-16",6127.1448,8125.43018
"2009-04-17",6168.2288,8131.33008
"2009-04-20",5909.6848,7841.72998
"2009-04-21",6025.1432,7969.56006
"2009-04-22",5988.3104,7886.56982
"2009-04-23",6047.1024,7957.06006
"2009-04-24",6138.4784,8076.29004
"2009-04-27",6080.3944,8025
"2009-04-28",6061.2696,8016.9502
"2009-04-29",6190.1872,8185.72998
"2009-04-30",6192.312,8168.12012
"2009-05-01",6225.604,8212.41016
"2009-05-04",6437.3984,8426.74023
"2009-05-05",6415.4392,8410.65039
"2009-05-06",6526.6488,8512.28027
"2009-05-07",6435.9816,8409.84961
"2009-05-08",6586.1496,8574.65039
"2009-05-11",6462.8976,8418.76953
"2009-05-12",6443.7728,8469.11035
"2009-05-13",6281.5632,8284.88965
"2009-05-14",6335.3976,8331.32031
"2009-05-15",6283.688,8268.63965
"2009-05-18",6462.1896,8504.08008
"2009-05-19",6454.3984,8474.84961
"2009-05-20",6411.1896,8422.04004
"2009-05-21",6319.1056,8292.12988
"2009-05-22",6305.6464,8277.32031
"2009-05-26",6467.1488,8473.49023
"2009-05-27",6351.6888,8300.01953
"2009-05-28",6440.2312,8403.7998
"2009-05-29",6554.2744,8500.33008
"2009-06-01",6712.9424,8721.44043
"2009-06-02",6718.6088,8740.87012
"2009-06-03",6633.608,8675.24023
"2009-06-04",6695.9424,8750.24023
"2009-06-05",6697.3592,8763.12988
"2009-06-08",6669.7336,8764.49023
"2009-06-09",6703.7344,8763.05957
"2009-06-10",6686.7344,8739.01953
"2009-06-11",6716.484,8770.91992
"2009-06-12",6734.9008,8799.25977
"2009-06-15",6580.4824,8612.12988
"2009-06-16",6491.232,8504.66992
"2009-06-17",6484.8568,8497.17969
"2009-06-18",6532.316,8555.59961
"2009-06-19",6556.3928,8539.73047
"2009-06-22",6359.7864,8339.00977
"2009-06-23",6364.7728,8322.91016
"2009-06-24",6419.6232,8299.86035
"2009-06-25",6559.2424,8472.40039
"2009-06-26",6542.1456,8438.38965
"2009-06-29",6603.4072,8529.37988
"2009-06-30",6549.9816,8447
"2009-07-01",6577.0504,8504.05957
"2009-07-02",6397.54,8280.74023
"2009-07-06",6396.8288,8324.87012
"2009-07-07",6272.8808,8163.6001
"2009-07-08",6268.6072,8178.41016
"2009-07-09",6280.7168,8183.16992
"2009-07-10",6265.7576,8146.52002
"2009-07-13",6418.1984,8331.67969
"2009-07-14",6454.528,8359.49023
"2009-07-15",6643.2992,8616.20996
"2009-07-16",6632.6136,8711.82031
"2009-07-17",6705.272,8743.94043
"2009-07-20",6776.5064,8848.15039
"2009-07-21",6807.8496,8915.94043
"2009-07-22",6806.4248,8881.25977
"2009-07-23",6956.7288,9069.29004
"2009-07-24",6985.2224,9093.24023
"2009-07-27",7005.88,9108.50977
"2009-07-28",6973.1128,9096.71973
"2009-07-29",6956.0168,9070.71973
"2009-07-30",7028.6752,9154.45996
"2009-07-31",7038.648,9171.61035
"2009-08-03",7154.76,9286.55957
"2009-08-04",7173.2808,9320.19043
"2009-08-05",7152.6232,9280.96973
"2009-08-06",7115.5808,9256.25977
"2009-08-07",7208.8976,9370.07031
"2009-08-10",7193.9384,9337.9502
"2009-08-11",7104.184,9241.4502
"2009-08-12",7180.4048,9361.61035
"2009-08-13",7235.2544,9398.19043
"2009-08-14",7179.692,9321.40039
"2009-08-17",7003.0312,9135.33984
"2009-08-18",7058.5936,9217.94043
"2009-08-19",7120.568,9279.16016
"2009-08-20",7193.9384,9350.0498
"2009-08-21",7334.9824,9505.95996
"2009-08-24",7334.2704,9509.28027
"2009-08-25",7348.5168,9539.29004
"2009-08-26",7349.2288,9543.51953
"2009-08-27",7365.6136,9580.62988
"2009-08-28",7364.188,9544.2002
"2009-08-31",7298.6528,9496.28027
"2009-09-01",7137.6632,9310.59961
"2009-09-02",7110.5944,9280.66992
"2009-09-03",7169.7192,9344.61035
"2009-09-04",7270.1592,9441.26953
"2009-09-08",7332.8456,9497.33984
"2009-09-09",7389.1208,9547.21973
"2009-09-10",7464.6288,9627.48047
"2009-09-11",7463.204,9605.41016
"2009-09-14",7499.5328,9626.7998
"2009-09-15",7530.8768,9683.41016
"2009-09-16",7644.8512,9791.70996
"2009-09-17",7633.4536,9783.91992
"2009-09-18",7638.32,9820.2002
"2009-09-21",7618.9952,9778.86035
"2009-09-22",7663.3712,9829.87012
"2009-09-23",7599.6712,9748.5498
"2009-09-24",7515.9304,9707.44043
"2009-09-25",7475.848,9665.19043
"2009-09-28",7609.6912,9789.36035
"2009-09-29",7586.788,9742.2002
"2009-09-30",7557.4424,9712.28027
"2009-10-01",7369.92,9509.28027
"2009-10-02",7335.5648,9487.66992
"2009-10-05",7445.072,9599.75
"2009-10-06",7551.7168,9731.25
"2009-10-07",7572.4728,9725.58008
"2009-10-08",7630.4472,9786.87012
"2009-10-09",7676.9704,9864.94043
"2009-10-12",7707.0312,9885.7998
"2009-10-13",7691.2848,9871.05957
"2009-10-14",7823.696,10015.86035
"2009-10-15",7852.3248,10062.94043
"2009-10-16",7793.6344,9995.91016
"2009-10-19",7858.0512,10092.19043
"2009-10-20",7816.5384,10041.48047
"2009-10-21",7746.3968,9949.36035
"2009-10-22",7825.1272,10081.30957
"2009-10-23",7735.6608,9972.17969
"2009-10-26",7651.9192,9867.95996
"2009-10-27",7616.848,9882.16992
"2009-10-28",7472.9856,9762.69043
"2009-10-29",7633.3104,9962.58008
"2009-10-30",7412.148,9712.73047
"2009-11-02",7466.544,9789.44043
"2009-11-03",7490.1632,9771.91016
"2009-11-04",7509.488,9802.13965
"2009-11-05",7647.6248,10005.95996
"2009-11-06",7667.6656,10023.41992
"2009-11-09",7842.3048,10226.94043
"2009-11-10",7843.736,10246.96973
"2009-11-11",7883.8176,10291.25977
"2009-11-12",7803.6544,10197.46973
"2009-11-13",7845.884,10270.46973
"2009-11-16",7959.6848,10406.95996
"2009-11-17",7968.9896,10437.41992
"2009-11-18",7963.9792,10426.30957
"2009-11-19",7860.1984,10332.44043
"2009-11-20",7832.2848,10318.16016
"2009-11-23",7931.772,10450.9502
"2009-11-24",7943.9392,10433.70996
"2009-11-25",7971.8528,10464.40039
"2009-11-27",7842.3048,10309.91992
"2009-11-30",7868.7872,10344.83984
"2009-12-01",7966.1272,10471.58008
"2009-12-02",7962.548,10452.67969
"2009-12-03",7900.2792,10366.15039
"2009-12-04",7945.3704,10388.90039
"2009-12-07",7933.2032,10390.11035
"2009-12-08",7845.168,10285.96973
"2009-12-09",7874.512,10337.0498
"2009-12-10",7918.8888,10405.83008
"2009-12-11",7952.528,10471.5
"2009-12-14",8006.924,10501.0498
"2009-12-15",7969.7056,10452
"2009-12-16",7981.8728,10441.12012
"2009-12-17",7885.964,10308.25977
"2009-12-18",7930.5784,10328.88965
"2009-12-21",8011.1728,10414.13965
"2009-12-22",8039.9568,10464.92969
"2009-12-23",8055.7864,10466.44043
"2009-12-24",8093.9248,10520.08984
"2009-12-28",8111.196,10547.08008
"2009-12-29",8099.6824,10545.41016
"2009-12-30",8096.8032,10548.50977
"2009-12-31",8019.088,10428.0498
"2010-01-04",8155.0904,10583.95996
"2010-01-05",8176.6776,10572.01953
"2010-01-06",8182.4344,10573.67969
"2010-01-07",8216.9752,10606.86035
"2010-01-08",8244.3192,10618.19043
"2010-01-11",8255.8328,10663.99023
"2010-01-12",8178.8368,10627.25977
"2010-01-13",8247.9176,10680.76953
"2010-01-14",8270.224,10710.5498
"2010-01-15",8177.3976,10609.65039
"2010-01-19",8279.5792,10725.42969
"2010-01-20",8195.3872,10603.15039
"2010-01-21",8037.7976,10389.87988
"2010-01-22",7858.62,10172.98047
"2010-01-25",7898.9168,10196.86035
"2010-01-26",7865.8152,10194.29004
"2010-01-27",7903.2344,10236.16016
"2010-01-28",7812.5664,10120.45996
"2010-01-29",7727.6552,10067.33008
"2010-02-01",7847.8256,10185.53027
"2010-02-02",7942.8112,10296.84961
"2010-02-03",7903.2344,10270.5498
"2010-02-04",7659.2944,10002.17969
"2010-02-05",7675.1248,10012.23047
"2010-02-08",7619.7168,9908.38965
"2010-02-09",7715.4216,10058.63965
"2010-02-10",7700.3104,10038.37988
"2010-02-11",7780.9048,10144.19043
"2010-02-12",7774.428,10099.13965
"2010-02-16",7896.7576,10268.80957
"2010-02-17",7934.1768,10309.24023
"2010-02-18",7980.9504,10392.90039
"2010-02-19",7997.5008,10402.34961
"2010-02-22",7998.94,10383.37988
"2010-02-23",7901.7952,10282.41016
"2010-02-24",7974.4736,10374.16016
"2010-02-25",7963.68,10321.03027
"2010-02-26",7968.7168,10325.25977
"2010-03-01",8051.4696,10403.79004
"2010-03-02",8073.776,10405.98047
"2010-03-03",8080.9728,10396.75977
"2010-03-04",8105.4392,10444.13965
"2010-03-05",8221.292,10566.2002
"2010-03-08",8222.7312,10552.51953
"2010-03-09",8236.404,10564.37988
"2010-03-10",8273.1024,10567.33008
"2010-03-11",8307.6432,10611.83984
"2010-03-12",8308.3624,10624.69043
"2010-03-15",8310.5216,10642.15039
"2010-03-16",8376.724,10685.98047
"2010-03-17",8426.3744,10733.66992
"2010-03-18",8422.0576,10779.16992
"2010-03-19",8379.4272,10741.98047
"2010-03-22",8424.2248,10785.88965
"2010-03-23",8483.4744,10888.83008
"2010-03-24",8442.2888,10836.15039
"2010-03-25",8428.56,10841.20996
"2010-03-26",8423.5032,10850.36035
"2010-03-29",8476.9712,10895.86035
"2010-03-30",8482.752,10907.41992
"2010-03-31",8453.8496,10856.62988
"2010-04-01",8511.6544,10927.07031
"2010-04-05",8581.0184,10973.5498
"2010-04-06",8601.2496,10969.99023
"2010-04-07",8552.1168,10897.51953
"2010-04-08",8581.7408,10927.07031
"2010-04-09",8638.1008,10997.34961
"2010-04-12",8651.8288,11005.96973
"2010-04-13",8658.332,11019.41992
"2010-04-14",8756.5984,11123.11035
"2010-04-15",8763.8248,11144.57031
"2010-04-16",8624.372,11018.66016
"2010-04-19",8656.8864,11092.0498
"2010-04-20",8734.1992,11117.05957
"2010-04-21",8718.304,11124.91992
"2010-04-22",8744.3152,11134.29004
"2010-04-23",8801.3968,11204.28027
"2010-04-26",8768.1592,11205.03027
"2010-04-27",8560.7872,10991.99023
"2010-04-28",8625.8168,11045.26953
"2010-04-29",8732.7544,11167.32031
"2010-04-30",8584.6312,11008.61035
"2010-05-03",8695.904,11151.83008
"2010-05-04",8491.4224,10926.76953
"2010-05-05",8440.8432,10866.83008
"2010-05-06",8160.4936,10520.32031
"2010-05-07",8039.1056,10380.42969
"2010-05-10",8393.1552,10785.13965
"2010-05-11",8369.3112,10748.25977
"2010-05-12",8486.364,10896.91016
"2010-05-13",8380.8712,10782.9502
"2010-05-14",8229.136,10620.16016
"2010-05-17",8233.4712,10625.83008
"2010-05-18",8121.4768,10510.9502
"2010-05-19",8075.2328,10444.37012
"2010-05-20",7770.316,10068.00977
"2010-05-21",7883.7568,10193.38965
"2010-05-24",7782.5992,10066.57031
"2010-05-25",7790.5472,10043.75
"2010-05-26",7743.5816,9974.4502
"2010-05-27",8002.9776,10258.99023
"2010-05-28",7902.5432,10136.62988
"2010-06-01",7769.5936,10024.01953
"2010-06-02",7971.908,10249.54004
"2010-06-03",7999.3648,10255.28027
"2010-06-04",7718.292,9931.96973
"2010-06-07",7622.1928,9816.49023
"2010-06-08",7703.8416,9939.98047
"2010-06-09",7662.656,9899.25
"2010-06-10",7886.6464,10172.53027
"2010-06-11",7924.9424,10211.07031
"2010-06-14",7912.6584,10190.88965
"2010-06-15",8092.5736,10404.76953
"2010-06-16",8089.684,10409.45996
"2010-06-17",8102.6896,10434.16992
"2010-06-18",8111.4744,10450.63965
"2010-06-21",8088.2424,10442.41016
"2010-06-22",7954.6608,10293.51953
"2010-06-23",7929.9776,10298.44043
"2010-06-24",7798.5728,10152.7998
"2010-06-25",7831.2424,10143.80957
"2010-06-28",7806.5592,10138.51953
"2010-06-29",7565.5304,9870.2998
"2010-06-30",7493.6576,9774.01953
"2010-07-01",7460.2624,9732.53027
"2010-07-02",7419.6064,9686.48047
"2010-07-06",7468.248,9743.62012
"2010-07-07",7703.4688,10018.28027
"2010-07-08",7779.6976,10138.99023
"2010-07-09",7837.7768,10198.03027
"2010-07-12",7842.8584,10216.26953
"2010-07-13",7961.1944,10363.01953
"2010-07-14",7960.4688,10366.71973
"2010-07-15",7962.6464,10359.30957
"2010-07-16",7743.3976,10097.90039
"2010-07-19",7789.1352,10154.42969
"2010-07-20",7875.528,10229.95996
"2010-07-21",7773.1632,10120.53027
"2010-07-22",7946.6752,10322.2998
"2010-07-23",8015.644,10424.62012
"2010-07-26",8099.132,10525.42969
"2010-07-27",8098.4064,10537.69043
"2010-07-28",8046.1352,10497.87988
"2010-07-29",8006.932,10467.16016
"2010-07-30",8005.48,10465.94043
"2010-08-02",8186.2512,10674.37988
"2010-08-03",8147.048,10636.37988
"2010-08-04",8201.4968,10680.42969
"2010-08-05",8192.7848,10674.98047
"2010-08-06",8159.3896,10653.55957
"2010-08-09",8202.9488,10698.75
"2010-08-10",8158.6632,10644.25
"2010-08-11",7935.0592,10378.83008
"2010-08-12",7886.4176,10319.9502
"2010-08-13",7863.1864,10303.15039
"2010-08-16",7859.556,10302.00977
"2010-08-17",7956.112,10405.84961
"2010-08-18",7970.632,10415.54004
"2010-08-19",7831.968,10271.20996
"2010-08-20",7806.5592,10213.62012
"2010-08-23",7776.7936,10174.41016
"2010-08-24",7661.3608,10040.4502
"2010-08-25",7691.1264,10060.05957
"2010-08-26",7639.5816,9985.80957
"2010-08-27",7757.9176,10150.65039
"2010-08-30",7645.3888,10009.73047
"2010-08-31",7645.3888,10014.71973
"2010-09-01",7874.076,10269.46973
"2010-09-02",7947.4008,10320.09961
"2010-09-03",8050.4904,10447.92969
"2010-09-07",7959.7424,10340.69043
"2010-09-08",8015.644,10387.00977
"2010-09-09",8052.6688,10415.24023
"2010-09-10",8093.3248,10462.76953
"2010-09-13",8183.3472,10544.12988
"2010-09-14",8178.2656,10526.49023
"2010-09-15",8209.4832,10572.73047
"2010-09-16",8207.3048,10594.83008
"2010-09-17",8210.3696,10607.84961
"2010-09-20",8335.9088,10753.62012
"2010-09-21",8319.1216,10761.03027
"2010-09-22",8278.248,10739.30957
"2010-09-23",8211.1,10662.41992
"2010-09-24",8380.4312,10860.25977
"2010-09-27",8340.288,10812.04004
"2010-09-28",8369.4832,10858.13965
"2010-09-29",8354.8856,10835.28027
"2010-09-30",8330.0696,10788.0498
"2010-10-01",8365.104,10829.67969
"2010-10-04",8302.3344,10751.26953
"2010-10-05",8469.476,10944.71973
"2010-10-06",8468.7464,10967.65039
"2010-10-07",8458.528,10948.58008
"2010-10-08",8505.9696,11006.48047
"2010-10-11",8513.9984,11010.33984
"2010-10-12",8540.2744,11020.40039
"2010-10-13",8606.6928,11096.08008
"2010-10-14",8573.1184,11094.57031
"2010-10-15",8590.6352,11062.78027
"2010-10-18",8632.968,11143.69043
"2010-10-19",8519.8376,10978.62012
"2010-10-20",8603.0432,11107.96973
"2010-10-21",8622.02,11146.57031
"2010-10-22",8638.0776,11132.55957
"2010-10-25",8663.6224,11164.0498
"2010-10-26",8665.0832,11169.45996
"2010-10-27",8640.2664,11126.28027
"2010-10-28",8641.7264,11113.9502
"2010-10-29",8648.2952,11118.49023
"2010-11-01",8651.2152,11124.62012
"2010-11-02",8719.824,11188.71973
"2010-11-03",8754.8568,11215.12988
"2010-11-04",8923.4592,11434.83984
"2010-11-05",8957.0328,11444.08008
"2010-11-08",8940.2456,11406.83984
"2010-11-09",8876.0168,11346.75
"2010-11-10",8911.78,11357.04004
"2010-11-11",8878.2064,11283.09961
"2010-11-12",8773.104,11192.58008
"2010-11-15",8760.6968,11201.96973
"2010-11-16",8624.2104,11023.5
"2010-11-17",8628.5888,11007.87988
"2010-11-18",8755.5872,11181.23047
"2010-11-19",8779.6736,11203.5498
"2010-11-22",8772.3752,11178.58008
"2010-11-23",8645.376,11036.37012
"2010-11-24",8773.104,11187.28027
"2010-11-26",8670.9216,11091.87012
"2010-11-29",8697.1976,11052.49023
"2010-11-30",8648.2952,11006.01953
"2010-12-01",8832.224,11255.78027
"2010-12-02",8945.3544,11362.41016
"2010-12-03",8969.4408,11382.08984
"2010-12-06",8959.952,11362.19043
"2010-12-07",8965.0616,11359.16016
"2010-12-08",8997.9056,11372.48047
"2010-12-09",9032.94,11370.05957
"2010-12-10",9085.4912,11410.32031
"2010-12-13",9091.3296,11428.55957
"2010-12-14",9099.3584,11476.54004
"2010-12-15",9057.756,11457.46973
"2010-12-16",9110.3072,11499.25
"2010-12-17",9120.0656,11491.91016
"2010-12-20",9142.0768,11478.12988
"2010-12-21",9200.04,11533.16016
"2010-12-22",9228.6544,11559.49023
"2010-12-23",9215.448,11573.49023
"2010-12-27",9219.1168,11555.03027
"2010-12-28",9232.324,11575.54004
"2010-12-29",9238.9264,11585.37988
"2010-12-30",9224.252,11569.70996
"2010-12-31",9226.4536,11577.50977
"2011-01-03",9321.8368,11670.75
"2011-01-04",9316.7008,11691.17969
"2011-01-05",9365.1256,11722.88965
"2011-01-06",9346.7832,11697.30957
"2011-01-07",9328.44,11674.75977
"2011-01-10",9316.7008,11637.4502
"2011-01-11",9349.7176,11671.87988
"2011-01-12",9434.0952,11755.44043
"2011-01-13",9418.6864,11731.90039
"2011-01-14",9486.9224,11787.37988
"2011-01-18",9503.064,11837.92969
"2011-01-19",9409.8824,11825.29004
"2011-01-20",9397.4088,11822.7998
"2011-01-21",9418.6864,11871.83984
"2011-01-24",9472.2488,11980.51953
"2011-01-25",9477.3832,11977.19043
"2011-01-26",9514.0696,11985.44043
"2011-01-27",9537.5488,11989.83008
"2011-01-28",9370.9952,11823.7002
"2011-01-31",9441.4312,11891.92969
"2011-02-01",9592.5776,12040.16016
"2011-02-02",9574.2344,12041.96973
"2011-02-03",9595.5112,12062.25977
"2011-02-04",9622.6584,12092.15039
"2011-02-07",9682.824,12161.62988
"2011-02-08",9726.8472,12233.15039
"2011-02-09",9704.8352,12239.88965
"2011-02-10",9708.504,12229.29004
"2011-02-11",9766.4672,12273.25977
"2011-02-14",9789.9456,12268.19043
"2011-02-15",9759.1296,12226.63965
"2011-02-16",9820.7624,12288.16992
"2011-02-17",9850.1104,12318.13965
"2011-02-18",9870.6544,12391.25
"2011-02-22",9672.552,12212.79004
"2011-02-23",9613.1216,12105.78027
"2011-02-24",9606.5168,12068.5
"2011-02-25",9709.2376,12130.4502
"2011-02-28",9769.4016,12226.33984
"2011-03-01",9606.5168,12058.01953
"2011-03-02",9627.0616,12066.7998
"2011-03-03",9792.8808,12258.2002
"2011-03-04",9719.5096,12169.87988
"2011-03-07",9643.2024,12090.03027
"2011-03-08",9727.5808,12214.37988
"2011-03-09",9713.6392,12213.08984
"2011-03-10",9533.88,11984.61035
"2011-03-11",9599.9136,12044.40039
"2011-03-14",9541.9504,11993.16016
"2011-03-15",9432.6272,11855.41992
"2011-03-16",9258.0032,11613.2998
"2011-03-17",9380.5336,11774.58984
"2011-03-18",9414.6528,11858.51953
"2011-03-21",9560.56,12036.53027
"2011-03-22",9527.3984,12018.62988
"2011-03-23",9554.664,12086.01953
"2011-03-24",9646.0392,12170.55957
"2011-03-25",9675.516,12220.58984
"2011-03-28",9651.9352,12197.87988
"2011-03-29",9716.7824,12279.00977
"2011-03-30",9783.84,12350.61035
"2011-03-31",9770.5752,12319.73047
"2011-04-01",9811.8424,12376.71973
"2011-04-04",9819.948,12400.03027
"2011-04-05",9818.4744,12393.90039
"2011-04-06",9849.4248,12426.75
"2011-04-07",9824.3704,12409.49023
"2011-04-08",9790.4728,12380.0498
"2011-04-11",9760.9968,12381.11035
"2011-04-12",9688.0432,12263.58008
"2011-04-13",9687.3064,12270.99023
"2011-04-14",9694.6744,12285.15039
"2011-04-15",9730.0456,12341.83008
"2011-04-18",9620.9848,12201.58984
"2011-04-19",9676.2528,12266.75
"2011-04-20",9808.1584,12453.54004
"2011-04-21",9858.2672,12505.99023
"2011-04-25",9847.9504,12479.87988
"2011-04-26",9932.6944,12595.37012
"2011-04-27",9997.5416,12690.95996
"2011-04-28",10029.9656,12763.30957
"2011-04-29",10053.5456,12810.54004
"2011-05-02",10038.0712,12807.36035
"2011-05-03",10001.9632,12807.50977
"2011-05-04",9935.6424,12723.58008
"2011-05-05",9845.74,12584.16992
"2011-05-06",9889.2168,12638.74023
"2011-05-09",9927.536,12684.67969
"2011-05-10",10012.2792,12760.36035
"2011-05-11",9906.9032,12630.03027
"2011-05-12",9954.064,12695.91992
"2011-05-13",9877.4264,12595.75
"2011-05-16",9814.7904,12548.37012
"2011-05-17",9813.316,12479.58008
"2011-05-18",9901.008,12560.17969
"2011-05-19",9924.588,12605.32031
"2011-05-20",9845.74,12512.04004
"2011-05-23",9731.52,12381.25977
"2011-05-24",9723.4144,12356.20996
"2011-05-25",9755.8384,12394.66016
"2011-05-26",9800.7888,12402.75977
"2011-05-27",9838.3704,12441.58008
"2011-05-31",9940.7992,12569.79004
"2011-06-01",9717.5192,12290.13965
"2011-06-02",9707.2024,12248.5498
"2011-06-03",9610.668,12151.25977
"2011-06-06",9508.9752,12089.95996
"2011-06-07",9503.0808,12070.80957
"2011-06-08",9463.288,12048.94043
"2011-06-09",9535.504,12124.36035
"2011-06-10",9402.8616,11951.91016
"2011-06-13",9410.2304,11952.96973
"2011-06-14",9529.6096,12076.11035
"2011-06-15",9360.1216,11897.26953
"2011-06-16",9380.756,11961.51953
"2011-06-17",9408.748,12004.36035
"2011-06-20",9456.8832,12080.37988
"2011-06-21",9586.4808,12190.00977
"2011-06-22",9528.7176,12109.66992
"2011-06-23",9501.3168,12050
"2011-06-24",9390.9744,11934.58008
"2011-06-27",9474.6568,12043.55957
"2011-06-28",9598.3296,12188.69043
"2011-06-29",9680.532,12261.41992
"2011-06-30",9773.1008,12414.33984
"2011-07-01",9917.5088,12582.76953
"2011-07-05",9909.3624,12569.87012
"2011-07-06",9921.2112,12626.01953
"2011-07-07",10024.1488,12719.49023
"2011-07-08",9953.0552,12657.2002
"2011-07-11",9773.1008,12505.75977
"2011-07-12",9730.8888,12446.87988
"2011-07-13",9763.4728,12491.61035
"2011-07-14",9696.0824,12437.12012
"2011-07-15",9752.3648,12479.73047
"2011-07-18",9672.3856,12385.16016
"2011-07-19",9829.3824,12587.41992
"2011-07-20",9823.4576,12571.91016
"2011-07-21",9959.7208,12724.41016
"2011-07-22",9966.3856,12681.16016
"2011-07-25",9910.844,12592.7998
"2011-07-26",9873.816,12501.2998
"2011-07-27",9671.6448,12302.5498
"2011-07-28",9643.5032,12240.11035
"2011-07-29",9577.5936,12143.24023
"2011-08-01",9536.8632,12132.49023
"2011-08-02",9293.2208,11866.62012
"2011-08-03",9343.5784,11896.44043
"2011-08-04",8905.9112,11383.67969
"2011-08-05",8892.5808,11444.61035
"2011-08-08",8313.4672,10809.84961
"2011-08-09",8700.0376,11239.76953
"2011-08-10",8315.6888,10719.94043
"2011-08-11",8688.9288,11143.30957
"2011-08-12",8747.432,11269.01953
"2011-08-15",8932.5712,11482.90039
"2011-08-16",8856.2936,11405.92969
"2011-08-17",8862.2184,11410.20996
"2011-08-18",8480.092,10990.58008
"2011-08-19",8341.608,10817.65039
"2011-08-22",8348.2736,10854.65039
"2011-08-23",8623.0192,11176.75977
"2011-08-24",8744.4704,11320.70996
"2011-08-25",8611.1704,11149.82031
"2011-08-26",8736.324,11284.54004
"2011-08-29",8987.372,11539.25
"2011-08-30",9011.0696,11559.9502
"2011-08-31",9051.0592,11613.53027
"2011-09-01",8956.2688,11493.57031
"2011-09-02",8727.4368,11240.25977
"2011-09-06",8663.7496,11139.2998
"2011-09-07",8908.1328,11414.86035
"2011-09-08",8815.5632,11295.80957
"2011-09-09",8584.5096,10992.12988
"2011-09-12",8640.052,11061.12012
"2011-09-13",8719.2904,11105.84961
"2011-09-14",8840.0016,11246.73047
"2011-09-15",8992.556,11433.17969
"2011-09-16",9045.7792,11509.08984
"2011-09-19",8955.7096,11401.00977
"2011-09-20",8945.2872,11408.66016
"2011-09-21",8681.7752,11124.83984
"2011-09-22",8401.1416,10733.83008
"2011-09-23",8451.76,10771.48047
"2011-09-26",8652.744,11043.86035
"2011-09-27",8749.5144,11190.69043
"2011-09-28",8570.8616,11010.90039
"2011-09-29",8638.6008,11153.98047
"2011-09-30",8422.7288,10913.37988
"2011-10-03",8183.0368,10655.2998
"2011-10-04",8362.4336,10808.70996
"2011-10-05",8517.2656,10939.9502
"2011-10-06",8671.3536,11123.33008
"2011-10-07",8613.292,11103.12012
"2011-10-10",8901.3688,11433.17969
"2011-10-11",8910.3016,11416.2998
"2011-10-12",8988.4616,11518.84961
"2011-10-13",8970.5968,11478.12988
"2011-10-14",9123.9408,11644.49023
"2011-10-17",8949.7544,11397
"2011-10-18",9124.6848,11577.0498
"2011-10-19",9016.7488,11504.62012
"2011-10-20",9056.2016,11541.78027
"2011-10-21",9228.1544,11808.79004
"2011-10-24",9341.3016,11913.62012
"2011-10-25",9159.6712,11706.62012
"2011-10-26",9252.72,11869.04004
"2011-10-27",9575.0392,12208.5498
"2011-10-28",9572.8056,12231.11035
"2011-10-31",9342.0456,11955.00977
"2011-11-01",9081.5104,11657.95996
"2011-11-02",9229.6432,11836.04004
"2011-11-03",9397.8744,12044.46973
"2011-11-04",9340.5576,11983.24023
"2011-11-07",9398.6184,12068.38965
"2011-11-08",9519.2088,12170.17969
"2011-11-09",9167.8592,11780.94043
"2011-11-10",9254.208,11893.86035
"2011-11-11",9428.3944,12153.67969
"2011-11-14",9339.068,12078.98047
"2011-11-15",9385.22,12096.16016
"2011-11-16",9236.3424,11905.58984
"2011-11-17",9089.6984,11770.73047
"2011-11-18",9080.0216,11796.16016
"2011-11-21",8907.324,11547.30957
"2011-11-22",8872.3384,11493.71973
"2011-11-23",8676.564,11257.5498
"2011-11-25",8660.1872,11231.65039
"2011-11-28",8911.0464,11523.00977
"2011-11-29",8936.3552,11555.62988
"2011-11-30",9304.0816,12045.67969
"2011-12-01",9302.5936,12020.03027
"2011-12-02",9294.4048,12019.41992
"2011-12-05",9395.6416,12097.83008
"2011-12-06",9398.6184,12150.12988
"2011-12-07",9433.6056,12196.37012
"2011-12-08",9226.6656,11997.7002
"2011-12-09",9382.9872,12184.25977
"2011-12-12",9246.02,12021.38965
"2011-12-13",9159.6712,11954.94043
"2011-12-14",9062.156,11823.48047
"2011-12-15",9094.9096,11868.80957
"2011-12-16",9108.3928,11866.38965
"2011-12-19",9011.0088,11766.25977
"2011-12-20",9283.684,12103.58008
"2011-12-21",9301.6624,12107.74023
"2011-12-22",9384.064,12169.65039
"2011-12-23",9467.9648,12294
"2011-12-27",9475.4552,12291.34961
"2011-12-28",9351.1032,12151.41016
"2011-12-29",9447.7384,12287.04004
"2011-12-30",9401.2936,12217.55957
"2012-01-03",9551.1152,12397.37988
"2012-01-04",9566.0976,12418.41992
"2012-01-05",9591.5664,12415.7002
"2012-01-06",9566.8464,12359.91992
"2012-01-09",9590.0688,12392.69043
"2012-01-10",9673.22,12462.46973
"2012-01-11",9678.4632,12449.4502
"2012-01-12",9701.6848,12471.01953
"2012-01-13",9651.4952,12422.05957
"2012-01-17",9688.9512,12482.07031
"2012-01-18",9796.0736,12578.9502
"2012-01-19",9847.7616,12623.98047
"2012-01-20",9884.468,12720.48047
"2012-01-23",9858.9984,12708.82031
"2012-01-24",9847.7616,12675.75
"2012-01-25",9930.1632,12758.84961
"2012-01-26",9879.224,12734.62988
"2012-01-27",9874.7304,12660.45996
"2012-01-30",9841.0192,12653.71973
"2012-01-31",9837.2744,12632.91016
"2012-02-01",9923.4216,12716.45996
"2012-02-02",9939.152,12705.41016
"2012-02-03",10078.4864,12862.23047
"2012-02-06",10071.744,12845.12988
"2012-02-07",10097.2136,12878.2002
"2012-02-08",10127.1792,12883.9502
"2012-02-09",10139.9136,12890.45996
"2012-02-10",10065.0024,12801.23047
"2012-02-13",10139.9136,12874.04004
"2012-02-14",10127.1792,12878.28027
"2012-02-15",10079.9848,12780.9502
"2012-02-16",10191.6024,12904.08008
"2012-02-17",10218.5696,12949.87012
"2012-02-21",10223.0648,12965.69043
"2012-02-22",10190.1032,12938.66992
"2012-02-23",10235.0504,12984.69043
"2012-02-24",10257.5232,12982.9502
"2012-02-27",10274.7536,12981.50977
"2012-02-28",10304.7168,13005.12012
"2012-02-29",10264.2648,12952.07031
"2012-03-01",10317.4512,12980.2998
"2012-03-02",10285.9888,12977.57031
"2012-03-05",10244.0392,12962.80957
"2012-03-06",10094.2176,12759.15039
"2012-03-07",10164.6336,12837.33008
"2012-03-08",10265.7632,12907.94043
"2012-03-09",10305.4664,12922.01953
"2012-03-12",10306.216,12959.70996
"2012-03-13",10491.9936,13177.67969
"2012-03-14",10480.7568,13194.09961
"2012-03-15",10541.4344,13252.75977
"2012-03-16",10556.0312,13232.62012
"2012-03-19",10597.4136,13239.12988
"2012-03-20",10566.5648,13170.19043
"2012-03-21",10549.26,13124.62012
"2012-03-22",10473.268,13046.13965
"2012-03-23",10507.1256,13080.73047
"2012-03-26",10654.5944,13241.62988
"2012-03-27",10621.4896,13197.73047
"2012-03-28",10568.8224,13126.20996
"2012-03-29",10550.764,13145.82031
"2012-03-30",10594.4032,13212.04004
"2012-04-02",10671.8992,13264.49023
"2012-04-03",10628.2608,13199.5498
"2012-04-04",10522.9264,13074.75
"2012-04-05",10517.6584,13060.13965
"2012-04-09",10399.5336,12929.58984
"2012-04-10",10224.9792,12715.92969
"2012-04-11",10307.7432,12805.38965
"2012-04-12",10442.4192,12986.58008
"2012-04-13",10318.276,12849.58984
"2012-04-16",10311.5048,12921.41016
"2012-04-17",10464.2392,13115.54004
"2012-04-18",10428.8768,13032.75
"2012-04-19",10361.9144,12964.09961
"2012-04-20",10379.2184,13029.25977
"2012-04-23",10291.9424,12927.16992
"2012-04-24",10331.0672,13001.55957
"2012-04-25",10472.516,13090.71973
"2012-04-26",10545.4984,13204.62012
"2012-04-27",10562.8024,13228.30957
"2012-04-30",10523.6776,13213.62988
"2012-05-01",10589.1368,13279.32031
"2012-05-02",10557.5368,13268.57031
"2012-05-03",10477.0304,13206.58984
"2012-05-04",10307.7432,13038.26953
"2012-05-07",10315.2672,13008.53027
"2012-05-08",10273.8856,12932.08984
"2012-05-09",10212.9416,12835.05957
"2012-05-10",10234.0088,12855.04004
"2012-05-11",10203.1608,12820.59961
"2012-05-14",10090.3016,12695.34961
"2012-05-15",10032.3672,12632
"2012-05-16",9993.996,12598.5498
"2012-05-17",9845.7752,12442.49023
"2012-05-18",9761.5072,12369.37988
"2012-05-21",9929.2904,12504.48047
"2012-05-22",9946.5952,12502.80957
"2012-05-23",9951.8624,12496.15039
"2012-05-24",9971.424,12529.75
"2012-05-25",9939.072,12454.83008
"2012-05-29",10059.4536,12580.69043
"2012-05-30",9913.4896,12419.86035
"2012-05-31",9891.6704,12393.4502
"2012-06-01",9642.6304,12118.57031
"2012-06-04",9638.116,12101.45996
"2012-06-05",9711.0976,12127.9502
"2012-06-06",9929.2904,12414.79004
"2012-06-07",9935.3096,12460.95996
"2012-06-08",10014.3112,12554.2002
"2012-06-11",9887.1568,12411.23047
"2012-06-12",10000.7672,12573.7998
"2012-06-13",9936.8144,12496.37988
"2012-06-14",10042.1488,12651.91016
"2012-06-15",10144.8528,12767.16992
"2012-06-18",10164.516,12741.82031
"2012-06-19",10262.8336,12837.33008
"2012-06-20",10246.1952,12824.38965
"2012-06-21",10016.284,12573.57031
"2012-06-22",10093.4256,12640.78027
"2012-06-25",9931.58,12502.66016
"2012-06-26",9981.4944,12534.66992
"2012-06-27",10071.4928,12627.00977
"2012-06-28",10042.7536,12602.25977
"2012-06-29",10293.0856,12880.08984
"2012-07-02",10324.0928,12871.38965
"2012-07-03",10392.1592,12943.66016
"2012-07-05",10345.2688,12896.66992
"2012-07-06",10246.952,12772.46973
"2012-07-09",10234.0952,12736.29004
"2012-07-10",10144.8528,12653.12012
"2012-07-11",10146.3656,12604.53027
"2012-07-12",10097.2064,12573.26953
"2012-07-13",10266.6152,12777.08984
"2012-07-16",10242.4136,12727.20996
"2012-07-17",10312.7488,12805.54004
"2012-07-18",10389.1336,12908.7002
"2012-07-19",10416.36,12943.36035
"2012-07-20",10321.068,12822.57031
"2012-07-23",10216.7008,12721.45996
"2012-07-24",10128.9704,12617.32031
"2012-07-25",10131.24,12676.0498
"2012-07-26",10298.3792,12887.92969
"2012-07-27",10488.208,13075.66016
"2012-07-30",10488.208,13073.00977
"2012-07-31",10414.8488,13008.67969
"2012-08-01",10405.7728,12976.12988
"2012-08-02",10333.9248,12878.87988
"2012-08-03",10538.8792,13096.16992
"2012-08-06",10559.2992,13117.50977
"2012-08-07",10612.24,13168.59961
"2012-08-08",10625.0968,13175.63965
"2012-08-09",10634.1712,13165.19043
"2012-08-10",10651.5664,13207.9502
"2012-08-13",10646.2728,13169.42969
"2012-08-14",10647.7848,13172.13965
"2012-08-15",10659.8856,13164.78027
"2012-08-16",10738.54,13250.11035
"2012-08-17",10752.9088,13275.2002
"2012-08-20",10753.6656,13271.63965
"2012-08-21",10721.1448,13203.58008
"2012-08-22",10725.6832,13172.75977
"2012-08-23",10637.9528,13057.45996
"2012-08-24",10702.2376,13157.96973
"2012-08-27",10704.5056,13124.66992
"2012-08-28",10693.9184,13102.99023
"2012-08-29",10702.2376,13107.48047
"2012-08-30",10625.0968,13000.70996
"2012-08-31",10675.768,13090.83984
"2012-09-04",10665.936,13035.94043
"2012-09-05",10656.86,13047.48047
"2012-09-06",10873.1592,13292
"2012-09-07",10915.5112,13306.63965
"2012-09-10",10853.4952,13254.29004
"2012-09-11",10883.7472,13323.36035
"2012-09-12",10920.0488,13333.34961
"2012-09-13",11086.432,13539.86035
"2012-09-14",11135.5912,13593.37012
"2012-09-17",11097.7768,13553.09961
"2012-09-18",11088.7008,13564.63965
"2012-09-19",11094.7512,13577.95996
"2012-09-20",11095.508,13596.92969
"2012-09-21",11090.8688,13579.46973
"2012-09-24",11074.1416,13558.91992
"2012-09-25",10956.2912,13457.5498
"2012-09-26",10894.7048,13413.50977
"2012-09-27",10997.3488,13485.96973
"2012-09-28",10946.4072,13437.12988
"2012-10-01",10975.3,13515.11035
"2012-10-02",10986.704,13482.36035
"2012-10-03",11031.564,13494.61035
"2012-10-04",11110.6384,13575.36035
"2012-10-05",11111.3976,13610.15039
"2012-10-08",11073.3816,13583.65039
"2012-10-09",10963.8944,13473.53027
"2012-10-10",10893.9456,13344.96973
"2012-10-11",10900.028,13326.38965
"2012-10-12",10864.292,13328.84961
"2012-10-15",10954.7704,13424.23047
"2012-10-16",11065.7776,13551.78027
"2012-10-17",11115.9592,13557
"2012-10-18",11087.068,13548.94043
"2012-10-19",10902.308,13343.50977
"2012-10-22",10903.8296,13345.88965
"2012-10-23",10752.5248,13102.53027
"2012-10-24",10722.112,13077.33984
"2012-10-25",10753.284,13103.67969
"2012-10-26",10747.2024,13107.20996
"2012-10-31",10747.2024,13096.45996
"2012-11-01",10859.7304,13232.62012
"2012-11-02",10763.1688,13093.16016
"2012-11-05",10785.2184,13112.44043
"2012-11-06",10869.6152,13245.67969
"2012-11-07",10623.2688,12932.73047
"2012-11-08",10495.5336,12811.32031
"2012-11-09",10504.6584,12815.38965
"2012-11-12",10513.0224,12815.08008
"2012-11-13",10476.5256,12756.17969
"2012-11-14",10335.1048,12570.9502
"2012-11-15",10317.6184,12542.37988
"2012-11-16",10368.5592,12588.30957
"2012-11-19",10578.4104,12795.95996
"2012-11-20",10582.9728,12788.50977
"2012-11-21",10602.7408,12836.88965
"2012-11-23",10747.2024,13009.53027
"2012-11-26",10724.392,12967.37012
"2012-11-27",10669.6488,12878.12988
"2012-11-28",10755.5664,12985.11035
"2012-11-29",10805.7472,13021.82031
"2012-11-30",10808.0272,13025.58008
"2012-12-03",10754.8048,12965.59961
"2012-12-04",10739.5984,12951.78027
"2012-12-05",10758.6072,13034.49023
"2012-12-06",10795.1024,13074.04004
"2012-12-07",10827.7968,13155.12988
"2012-12-10",10832.3584,13169.87988
"2012-12-11",10906.1112,13248.44043
"2012-12-12",10911.432,13245.4502
"2012-12-13",10844.524,13170.71973
"2012-12-14",10804.2272,13135.00977
"2012-12-17",10931.2008,13235.38965
"2012-12-18",11052.8528,13350.95996
"2012-12-19",10970.7376,13251.96973
"2012-12-20",11033.844,13311.71973
"2012-12-21",10933.6888,13190.83984
"2012-12-24",10899.9976,13138.92969
"2012-12-26",10854.0536,13114.58984
"2012-12-27",10839.5056,13096.30957
"2012-12-28",10722.3512,12938.11035
"2012-12-31",10904.592,13104.13965
"2013-01-02",11184.0784,13412.5498
"2013-01-03",11158.8096,13391.36035
"2013-01-04",11207.816,13435.20996
"2013-01-07",11177.1872,13384.29004
"2013-01-08",11145.028,13328.84961
"2013-01-09",11173.3584,13390.50977
"2013-01-10",11262.1824,13471.21973
"2013-01-11",11261.4176,13488.42969
"2013-01-14",11253.76,13507.32031
"2013-01-15",11261.4176,13534.88965
"2013-01-16",11259.8856,13511.23047
"2013-01-17",11332.628,13596.01953
"2013-01-18",11357.8968,13649.7002
"2013-01-22",11419.1552,13712.20996
"2013-01-23",11437.532,13779.33008
"2013-01-24",11440.5944,13825.33008
"2013-01-25",11504.9144,13895.98047
"2013-01-28",11491.1328,13881.92969
"2013-01-29",11536.3096,13954.41992
"2013-01-30",11491.1328,13910.41992
"2013-01-31",11462.8,13860.58008
"2013-02-01",11580.7216,14009.79004
"2013-02-04",11450.548,13880.08008
"2013-02-05",11566.1728,13979.2998
"2013-02-06",11574.596,13986.51953
"2013-02-07",11559.2808,13944.0498
"2013-02-08",11623.6008,13992.96973
"2013-02-11",11621.3048,13971.24023
"2013-02-12",11640.4464,14018.7002
"2013-02-13",11650.4,13982.91016
"2013-02-14",11661.1208,13973.38965
"2013-02-15",11647.3392,13981.75977
"2013-02-19",11734.6304,14035.66992
"2013-02-20",11588.3776,13927.54004
"2013-02-21",11517.932,13880.62012
"2013-02-22",11630.4928,14000.57031
"2013-02-25",11409.2008,13784.16992
"2013-02-26",11487.3032,13900.12988
"2013-02-27",11632.024,14075.37012
"2013-02-28",11609.0528,14054.49023
"2013-03-01",11647.3392,14089.66016
"2013-03-04",11709.3616,14127.82031
"2013-03-05",11814.264,14253.76953
"2013-03-06",11830.3456,14296.24023
"2013-03-07",11851.7848,14329.49023
"2013-03-08",11902.3232,14397.07031
"2013-03-11",11947.5,14447.29004
"2013-03-12",11920.6992,14450.05957
"2013-03-13",11937.5448,14455.28027
"2013-03-14",12001.1,14539.13965
"2013-03-15",11985.256,14514.11035
"2013-03-18",11919.1112,14452.05957
"2013-03-19",11891.4232,14455.82031
"2013-03-20",11974.4888,14511.73047
"2013-03-21",11872.1952,14421.49023
"2013-03-22",11967.5672,14512.03027
"2013-03-25",11917.5736,14447.75
"2013-03-26",12012.944,14559.65039
"2013-03-27",12012.944,14526.16016
"2013-03-28",12049.8624,14578.54004
"2013-04-01",12002.1768,14572.84961
"2013-04-02",12061.4,14662.00977
"2013-04-03",11939.1088,14550.34961
"2013-04-04",11987.5632,14606.11035
"2013-04-05",11933.7256,14565.25
"2013-04-08",12014.484,14613.48047
"2013-04-09",12056.016,14673.45996
"2013-04-10",12203.6864,14802.24023
"2013-04-11",12243.6816,14865.13965
"2013-04-12",12213.6864,14865.05957
"2013-04-15",11930.648,14599.2002
"2013-04-16",12106.7776,14756.78027
"2013-04-17",11929.8792,14618.58984
"2013-04-18",11855.2744,14537.13965
"2013-04-19",11958.336,14547.50977
"2013-04-22",12011.4064,14567.16992
"2013-04-23",12135.2352,14719.45996
"2013-04-24",12142.9272,14676.2998
"2013-04-25",12192.1512,14700.7998
"2013-04-26",12170.6152,14712.5498
"2013-04-29",12252.1424,14818.75
"2013-04-30",12281.3688,14839.7998
"2013-05-01",12173.6912,14700.9502
"2013-05-02",12286.7528,14831.58008
"2013-05-03",12411.3504,14973.95996
"2013-05-06",12442.8848,14968.88965
"2013-05-07",12505.9536,15056.2002
"2013-05-08",12562.8672,15105.12012
"2013-05-09",12527.4888,15082.62012
"2013-05-10",12568.252,15118.49023
"2013-05-13",12578.2496,15091.67969
"2013-05-14",12708.2328,15215.25
"2013-05-15",12776.6848,15275.69043
"2013-05-16",12716.6928,15233.21973
"2013-05-17",12839.752,15354.40039
"2013-05-20",12838.9832,15335.28027
"2013-05-21",12857.4424,15387.58008
"2013-05-22",12762.0704,15307.16992
"2013-05-23",12725.1528,15294.5
"2013-05-24",12714.3848,15303.09961
"2013-05-28",12790.5288,15409.38965
"2013-05-29",12707.4632,15302.7998
"2013-05-30",12754.38,15324.53027
"2013-05-31",12571.328,15115.57031
"2013-06-03",12640.5504,15254.03027
"2013-06-04",12579.7888,15177.54004
"2013-06-05",12403.66,14960.58984
"2013-06-06",12515.9512,15040.62012
"2013-06-07",12675.16,15248.12012
"2013-06-10",12675.16,15238.58984
"2013-06-11",12544.4088,15122.01953
"2013-06-12",12440.5776,14995.23047
"2013-06-13",12629.7824,15176.08008
"2013-06-14",12550.5616,15070.17969
"2013-06-17",12647.472,15179.84961
"2013-06-18",12747.4584,15318.23047
"2013-06-19",12571.328,15112.19043
"2013-06-20",12259.8328,14758.32031
"2013-06-21",12299.1896,14799.40039
"2013-06-24",12143.7768,14659.55957
"2013-06-25",12260.5296,14760.30957
"2013-06-26",12381.92,14910.13965
"2013-06-27",12454.6008,15024.49023
"2013-06-28",12403.5704,14909.59961
"2013-07-01",12476.2496,14974.95996
"2013-07-02",12464.6536,14932.41016
"2013-07-03",12470.0648,14988.37012
"2013-07-05",12604.6008,15135.83984
"2013-07-08",12676.5072,15224.69043
"2013-07-09",12767.744,15300.33984
"2013-07-10",12772.384,15291.66016
"2013-07-11",12946.3528,15460.91992
"2013-07-12",12951.764,15464.2998
"2013-07-15",13001.2488,15484.25977
"2013-07-16",12952.5376,15451.84961
"2013-07-17",12985.7848,15470.51953
"2013-07-18",13056.9176,15548.54004
"2013-07-19",13080.1144,15543.74023
"2013-07-22",13105.6296,15545.5498
"2013-07-23",13077.7952,15567.74023
"2013-07-24",13029.8568,15542.24023
"2013-07-25",13061.5576,15555.61035
"2013-07-26",13075.4752,15558.83008
"2013-07-29",13035.2688,15521.96973
"2013-07-30",13035.2688,15520.58984
"2013-07-31",13044.548,15499.54004
"2013-08-01",13195.3208,15628.01953
"2013-08-02",13217.7432,15658.36035
"2013-08-05",13198.4128,15612.12988
"2013-08-06",13123.4128,15518.74023
"2013-08-07",13080.8872,15470.66992
"2013-08-08",13128.8256,15498.32031
"2013-08-09",13090.9384,15425.50977
"2013-08-12",13075.4752,15419.67969
"2013-08-13",13114.1344,15451.00977
"2013-08-14",13046.868,15337.66016
"2013-08-15",12864.3936,15112.19043
"2013-08-16",12821.868,15081.46973
"2013-08-19",12739.9096,15010.74023
"2013-08-20",12802.5376,15002.99023
"2013-08-21",12723.672,14897.5498
"2013-08-22",12839.6512,14963.74023
"2013-08-23",12882.9496,15010.50977
"2013-08-26",12835.012,14946.45996
"2013-08-27",12628.5696,14776.12988
"2013-08-28",12673.4152,14824.50977
"2013-08-29",12693.5184,14840.9502
"2013-08-30",12653.312,14810.30957
"2013-09-03",12710.5272,14833.95996
"2013-09-04",12815.6824,14930.87012
"2013-09-05",12831.92,14937.48047
"2013-09-06",12838.104,14922.5
"2013-09-09",12961.0424,15063.12012
"2013-09-10",13056.9176,15191.05957
"2013-09-11",13097.8976,15326.59961
"2013-09-12",13063.104,15300.63965
"2013-09-13",13092.4856,15376.05957
"2013-09-16",13168.2584,15494.78027
"2013-09-17",13227.0216,15529.73047
"2013-09-18",13380.1136,15676.94043
"2013-09-19",13357.6904,15636.5498
"2013-09-20",13264.3008,15451.08984
"2013-09-23",13202.92,15401.37988
"2013-09-24",13171.8424,15334.58984
"2013-09-25",13133.7696,15273.25977
"2013-09-26",13184.2736,15328.2998
"2013-09-27",13123.6704,15258.24023
"2013-09-30",13053.7424,15129.66992
"2013-10-01",13157.0792,15191.7002
"2013-10-02",13144.6472,15133.13965
"2013-10-03",13023.4408,14996.48047
"2013-10-04",13122.1152,15072.58008
"2013-10-07",13008.6792,14936.24023
"2013-10-08",12857.172,14776.53027
"2013-10-09",12866.4952,14802.98047
"2013-10-10",13143.8712,15126.07031
"2013-10-11",13228.5592,15237.11035
"2013-10-14",13281.3928,15301.25977
"2013-10-15",13185.0504,15168.00977
"2013-10-16",13369.1904,15373.83008
"2013-10-17",13458.5416,15371.65039
"2013-10-18",13549.4448,15399.65039
"2013-10-21",13550.2224,15392.2002
"2013-10-22",13628.6952,15467.66016
"2013-10-23",13563.4312,15413.33008
"2013-10-24",13608.4936,15509.20996
"2013-10-25",13670.6504,15570.28027
"2013-10-28",13692.4064,15568.92969
"2013-10-29",13765.4408,15680.34961
"2013-10-30",13697.068,15618.75977
"2013-10-31",13658.2192,15545.75
"2013-11-01",13690.8536,15615.5498
"2013-11-04",13739.0248,15639.12012
"2013-11-05",13695.5136,15618.21973
"2013-11-06",13765.4408,15746.87988
"2013-11-07",13591.4,15593.98047
"2013-11-08",13774.7632,15761.78027
"2013-11-11",13777.096,15783.09961
"2013-11-12",13749.1248,15750.66992
"2013-11-13",13859.4528,15821.62988
"2013-11-14",13928.6032,15876.21973
"2013-11-15",13989.2064,15961.7002
"2013-11-18",13940.2576,15976.01953
"2013-11-19",13909.956,15967.03027
"2013-11-20",13866.4456,15900.82031
"2013-11-21",13978.3288,16009.99023
"2013-11-22",14048.2544,16064.76953
"2013-11-25",14034.2704,16072.54004
"2013-11-26",14038.1544,16072.7998
"2013-11-27",14072.34,16097.33008
"2013-11-29",14063.0176,16086.41016
"2013-12-02",14026.5,16008.76953
"2013-12-03",13965.8976,15914.62012
"2013-12-04",13964.3432,15889.76953
"2013-12-05",13902.9624,15821.50977
"2013-12-06",14058.356,16020.2002
"2013-12-09",14094.0952,16025.53027
"2013-12-10",14043.5936,15973.12988
"2013-12-11",13885.8704,15843.53027
"2013-12-12",13840.0296,15739.42969
"2013-12-13",13838.4752,15755.36035
"2013-12-16",13924.7184,15884.57031
"2013-12-17",13880.4312,15875.25977
"2013-12-18",14117.4048,16167.96973
"2013-12-19",14101.0888,16179.08008
"2013-12-20",14183.1128,16221.13965
"2013-12-23",14258.8864,16294.61035
"2013-12-24",14290.1344,16357.5498
"2013-12-26",14362.7848,16479.88086
"2013-12-27",14362.0032,16478.41016
"2013-12-30",14359.6608,16504.28906
"2013-12-31",14427.6224,16576.66016
"2014-01-02",14289.3528,16441.34961
"2014-01-03",14287.0096,16469.99023
"2014-01-06",14245.6064,16425.09961
"2014-01-07",14333.0992,16530.93945
"2014-01-08",14336.224,16462.74023
"2014-01-09",14345.5984,16444.75977
"2014-01-10",14384.6568,16437.05078
"2014-01-13",14193.268,16257.94043
"2014-01-14",14347.9416,16373.86035
"2014-01-15",14425.2792,16481.93945
"2014-01-16",14406.5304,16417.00977
"2014-01-17",14345.5984,16458.56055
"2014-01-21",14387.7816,16414.43945
"2014-01-22",14397.1568,16373.33984
"2014-01-23",14279.1976,16197.34961
"2014-01-24",13974.5376,15879.11035
"2014-01-27",13905.7936,15837.87988
"2014-01-28",13988.6,15928.55957
"2014-01-29",13854.236,15738.79004
"2014-01-30",14001.0976,15848.61035
"2014-01-31",13919.0736,15698.84961
"2014-02-03",13605.82,15372.7998
"2014-02-04",13701.124,15445.24023
"2014-02-05",13683.9376,15440.23047
"2014-02-06",13864.3912,15628.53027
"2014-02-07",14036.2496,15794.08008
"2014-02-10",14062.0288,15801.79004
"2014-02-11",14215.9216,15994.76953
"2014-02-12",14222.9544,15963.94043
"2014-02-13",14296.3832,16027.58984
"2014-02-14",14375.2832,16154.38965
"2014-02-18",14392.4696,16130.40039
"2014-02-19",14297.1656,16040.55957
"2014-02-20",14381.5336,16133.23047
"2014-02-21",14365.128,16103.2998
"2014-02-24",14444.808,16207.13965
"2014-02-25",14439.3392,16179.66016
"2014-02-26",14440.1224,16198.41016
"2014-02-27",14515.896,16272.65039
"2014-02-28",14552.6112,16321.70996
"2014-03-03",14450.276,16168.03027
"2014-03-04",14653.384,16395.88086
"2014-03-05",14666.664,16360.17969
"2014-03-06",14700.2536,16421.89062
"2014-03-07",14706.5024,16452.7207
"2014-03-10",14698.6928,16418.67969
"2014-03-11",14626.0416,16351.25
"2014-03-12",14629.9472,16340.08008
"2014-03-13",14465.9,16108.88965
"2014-03-14",14425.2792,16065.66992
"2014-03-17",14555.736,16247.21973
"2014-03-18",14659.6328,16336.19043
"2014-03-19",14581.5152,16222.16992
"2014-03-20",14666.664,16331.0498
"2014-03-21",14609.7776,16302.76953
"2014-03-24",14549.3616,16276.69043
"2014-03-25",14618.408,16367.87988
"2014-03-26",14513.2688,16268.99023
"2014-03-27",14482.6688,16264.23047
"2014-03-28",14554.0696,16323.05957
"2014-03-31",14673.3328,16457.66016
"2014-04-01",14770.6264,16532.60938
"2014-04-02",14820.0584,16573
"2014-04-03",14800.4432,16572.55078
"2014-04-04",14625.4696,16412.71094
"2014-04-07",14463.8368,16245.87012
"2014-04-08",14523.4696,16256.13965
"2014-04-09",14679.6096,16437.17969
"2014-04-10",14371.2512,16170.21973
"2014-04-11",14241.7872,16026.75
"2014-04-14",14353.9896,16173.24023
"2014-04-15",14452.8512,16262.55957
"2014-04-16",14604.2856,16424.84961
"2014-04-17",14624.6864,16408.53906
"2014-04-21",14675.6864,16449.25
"2014-04-22",14742.38,16514.36914
"2014-04-23",14707.8568,16501.65039
"2014-04-24",14737.672,16501.65039
"2014-04-25",14616.8392,16361.45996
"2014-04-28",14663.1336,16448.74023
"2014-04-29",14731.3952,16535.36914
"2014-04-30",14775.3344,16580.83984
"2014-05-01",14776.904,16558.86914
"2014-05-02",14755.7192,16512.89062
"2014-05-05",14783.9648,16530.55078
"2014-05-06",14655.2872,16401.01953
"2014-05-07",14741.5952,16518.53906
"2014-05-08",14725.9024,16550.9707
"2014-05-09",14747.8736,16583.33984
"2014-05-12",14891.4584,16695.4707
"2014-05-13",14904.7984,16715.43945
"2014-05-14",14834.1808,16613.9707
"2014-05-15",14703.9328,16446.81055
"2014-05-16",14754.9344,16491.31055
"2014-05-19",14809.0736,16511.85938
"2014-05-20",14715.7032,16374.30957
"2014-05-21",14839.6744,16533.06055
"2014-05-22",14875.7664,16543.08008
"2014-05-23",14935.3992,16606.26953
"2014-05-27",15027.2008,16675.5
"2014-05-28",15016.216,16633.17969
"2014-05-29",15093.8928,16698.74023
"2014-05-30",15118.2168,16717.16992
"2014-06-02",15135.4784,16743.63086
"2014-06-03",15127.6328,16722.33984
"2014-06-04",15158.2336,16737.5293
"2014-06-05",15257.096,16836.10938
"2014-06-06",15330.0672,16924.2793
"2014-06-09",15345.7592,16943.09961
"2014-06-10",15347.3288,16945.91992
"2014-06-11",15293.9736,16843.88086
"2014-06-12",15185.6944,16734.18945
"2014-06-13",15231.9888,16775.74023
"2014-06-16",15244.5424,16781.00977
"2014-06-17",15286.9128,16808.49023
"2014-06-18",15399.1136,16906.61914
"2014-06-19",15416.376,16921.46094
"2014-06-20",15447.6744,16947.08008
"2014-06-23",15442.944,16937.25977
"2014-06-24",15349.9144,16818.13086
"2014-06-25",15419.2936,16867.50977
"2014-06-26",15408.256,16846.13086
"2014-06-27",15438.2144,16851.83984
"2014-06-30",15430.3312,16826.59961
"2014-07-01",15533.608,16956.07031
"2014-07-02",15549.376,16976.24023
"2014-07-03",15625.8496,17068.25977
"2014-07-07",15571.4512,17024.21094
"2014-07-08",15471.3272,16906.61914
"2014-07-09",15540.704,16985.60938
"2014-07-10",15479.2104,16915.07031
"2014-07-11",15500.4968,16943.81055
"2014-07-14",15578.5472,17055.41992
"2014-07-15",15549.376,17060.67969
"2014-07-16",15606.9296,17138.19922
"2014-07-17",15429.5424,16976.81055
"2014-07-18",15587.2208,17100.17969
"2014-07-21",15558.0496,17051.73047
"2014-07-22",15625.8496,17113.53906
"2014-07-23",15660.5392,17086.63086
"2014-07-24",15661.3272,17083.80078
"2014-07-25",15588.008,16960.57031
"2014-07-28",15594.3152,16982.58984
"2014-07-29",15527.3024,16912.10938
"2014-07-30",15529.6664,16880.35938
"2014-07-31",15222.9832,16563.30078
"2014-08-01",15176.4696,16493.36914
"2014-08-04",15286.0544,16569.2793
"2014-08-05",15137.8384,16429.4707
"2014-08-06",15142.5696,16443.33984
"2014-08-07",15060.576,16368.26953
"2014-08-08",15234.8104,16553.92969
"2014-08-11",15278.96,16569.98047
"2014-08-12",15257.6736,16560.53906
"2014-08-13",15360.952,16651.80078
"2014-08-14",15433.484,16713.58008
"2014-08-15",15430.3312,16662.91016
"2014-08-18",15559.6264,16838.74023
"2014-08-19",15640.8304,16919.58984
"2014-08-20",15682.6144,16979.13086
"2014-08-21",15728.3408,17039.49023
"2014-08-22",15703.9016,17001.2207
"2014-08-25",15783.528,17076.86914
"2014-08-26",15793.7768,17106.69922
"2014-08-27",15787.4696,17122.00977
"2014-08-28",15778.7976,17079.57031
"2014-08-29",15823.7368,17098.44922
"2014-09-02",15815.852,17067.56055
"2014-09-03",15807.18,17078.2793
"2014-09-04",15784.3168,17069.58008
"2014-09-05",15855.2712,17137.35938
"2014-09-08",15814.2752,17111.41992
"2014-09-09",15714.1504,17013.86914
"2014-09-10",15773.28,17068.71094
"2014-09-11",15791.412,17049
"2014-09-12",15699.1712,16987.50977
"2014-09-15",15687.3448,17031.14062
"2014-09-16",15805.6032,17131.9707
"2014-09-17",15826.8896,17156.84961
"2014-09-18",15911.2472,17265.99023
"2014-09-19",15896.9104,17279.74023
"2014-09-22",15774.1384,17172.67969
"2014-09-23",15683.8416,17055.86914
"2014-09-24",15806.6136,17210.06055
"2014-09-25",15551.5664,16945.80078
"2014-09-26",15675.1296,17113.15039
"2014-09-29",15646.6152,17071.2207
"2014-09-30",15605.4272,17042.90039
"2014-10-01",15393.944,16804.71094
"2014-10-02",15396.3208,16801.05078
"2014-10-03",15565.824,17009.68945
"2014-10-06",15547.6048,16991.91016
"2014-10-07",15307.6072,16719.39062
"2014-10-08",15575.328,16994.2207
"2014-10-09",15266.42,16659.25
"2014-10-10",15092.1632,16544.09961
"2014-10-13",14844.2456,16321.07031
"2014-10-14",14867.2144,16315.19043
"2014-10-15",14766.6208,16141.74023
"2014-10-16",14753.9488,16117.24023
"2014-10-17",14928.204,16380.41016
"2014-10-20",15073.1544,16399.66992
"2014-10-21",15371.7664,16614.81055
"2014-10-22",15262.46,16461.32031
"2014-10-23",15439.8832,16677.90039
"2014-10-24",15558.6936,16805.41016
"2014-10-27",15537.3096,16817.93945
"2014-10-28",15715.5264,17005.75
"2014-10-29",15691.7624,16974.31055
"2014-10-30",15792.3568,17195.41992
"2014-10-31",15972.9496,17390.51953
"2014-11-03",15981.6624,17366.24023
"2014-11-04",15926.2168,17383.83984
"2014-11-05",16026.8104,17484.5293
"2014-11-06",16090.968,17554.4707
"2014-11-07",16106.0168,17573.92969
"2014-11-10",16156.7104,17613.74023
"2014-11-11",16172.5512,17614.90039
"2014-11-12",16155.1272,17612.19922
"2014-11-13",16173.3432,17652.78906
"2014-11-14",16177.3048,17634.74023
"2014-11-17",16187.6,17647.75
"2014-11-18",16281.0656,17687.82031
"2014-11-19",16254.9264,17685.73047
"2014-11-20",16283.4424,17719
"2014-11-21",16370.5688,17810.06055
"2014-11-24",16416.5104,17817.90039
"2014-11-25",16404.6288,17814.93945
"2014-11-26",16446.6088,17827.75
"2014-11-28",16411.7576,17828.24023
"2014-12-01",16297.6992,17776.80078
"2014-12-02",16403.0448,17879.55078
"2014-12-03",16466.4112,17912.61914
"2014-12-04",16448.1936,17900.09961
"2014-12-05",16475.1232,17958.78906
"2014-12-08",16365.0256,17852.48047
"2014-12-09",16353.9368,17801.19922
"2014-12-10",16091.76,17533.15039
"2014-12-11",16173.3432,17596.33984
"2014-12-12",15911.9592,17280.83008
"2014-12-15",15802.6528,17180.83984
"2014-12-16",15675.9216,17068.86914
"2014-12-17",15983.2456,17356.86914
"2014-12-18",16378.4896,17778.15039
"2014-12-19",16448.1784,17804.80078
"2014-12-22",16523.8416,17959.43945
"2014-12-23",16546.1416,18024.16992
"2014-12-24",16547.7344,18030.21094
"2014-12-26",16601.096,18053.71094
"2014-12-29",16623.3976,18038.23047
"2014-12-30",16534.1952,17983.07031
"2014-12-31",16370.1272,17823.07031
"2015-01-02",16361.3656,17832.99023
"2015-01-05",16065.8848,17501.65039
"2015-01-06",15914.5616,17371.64062
"2015-01-07",16112.876,17584.51953
"2015-01-08",16398.7992,17907.86914
"2015-01-09",16267.3864,17737.36914
"2015-01-12",16139.9552,17640.83984
"2015-01-13",16094.5584,17613.67969
"2015-01-14",15997.3912,17427.08984
"2015-01-15",15850.8456,17320.71094
"2015-01-16",16058.7184,17511.57031
"2015-01-20",16092.964,17515.23047
"2015-01-21",16174.2016,17554.2793
"2015-01-22",16414.7288,17813.98047
"2015-01-23",16324.7304,17672.59961
"2015-01-26",16362.9592,17678.69922
"2015-01-27",16147.1232,17387.21094
"2015-01-28",15940.048,17191.36914
"2015-01-29",16087.3904,17416.84961
"2015-01-30",15885.0928,17164.94922
"2015-02-02",16081.8136,17361.03906
"2015-02-03",16314.376,17666.40039
"2015-02-04",16252.2536,17673.01953
"2015-02-05",16416.3208,17884.88086
"2015-02-06",16370.924,17824.28906
"2015-02-09",16297.6512,17729.21094
"2015-02-10",16471.276,17868.75977
"2015-02-11",16480.8328,17862.14062
"2015-02-12",16639.3248,17972.38086
"2015-02-13",16707.82,18019.34961
"2015-02-17",16734.1024,18047.58008
"2015-02-18",16735.696,18029.84961
"2015-02-19",16723.7488,17985.76953
"2015-02-20",16824.1016,18140.43945
"2015-02-23",16821.7128,18116.83984
"2015-02-24",16869.4984,18209.18945
"2015-02-25",16855.1624,18224.57031
"2015-02-26",16835.2512,18214.41992
"2015-02-27",16777.908,18132.69922
"2015-03-02",16883.8344,18288.63086
"2015-03-03",16814.5432,18203.36914
"2015-03-04",16743.66,18096.90039
"2015-03-05",16761.9784,18135.7207
"2015-03-06",16526.2304,17856.7793
"2015-03-09",16594.7256,17995.7207
"2015-03-10",16325.5264,17662.93945
"2015-03-11",16287.2976,17635.39062
"2015-03-12",16494.3736,17895.2207
"2015-03-13",16393.224,17749.31055
"2015-03-16",16612.2472,17977.41992
"2015-03-17",16562.8672,17849.08008
"2015-03-18",16761.9784,18076.18945
"2015-03-19",16685.52,17959.0293
"2015-03-20",16832.8,18127.65039
"2015-03-23",16800,18116.03906
"2015-03-24",16705.6008,18011.14062
"2015-03-25",16460.7992,17718.53906
"2015-03-26",16421.6,17678.23047
"2015-03-27",16459.2008,17712.66016
"2015-03-30",16660,17976.31055
"2015-03-31",16514.3992,17776.11914
"2015-04-01",16456,17698.17969
"2015-04-02",16515.2,17763.24023
"2015-04-06",16626.4,17880.84961
"2015-04-07",16582.4,17875.41992
"2015-04-08",16638.4,17902.50977
"2015-04-09",16711.9992,17958.73047
"2015-04-10",16803.1992,18057.65039
"2015-04-13",16727.2,17977.03906
"2015-04-14",16759.2008,18036.69922
"2015-04-15",16834.3992,18112.60938
"2015-04-16",16829.6,18105.76953
"2015-04-17",16636,17826.30078
"2015-04-20",16788.0008,18034.92969
"2015-04-21",16768.0008,17949.58984
"2015-04-22",16850.4,18038.26953
"2015-04-23",16892.8,18058.68945
"2015-04-24",16931.9992,18080.14062
"2015-04-27",16861.6,18037.9707
"2015-04-28",16915.2,18110.14062
"2015-04-29",16845.6008,18035.5293
"2015-04-30",16676.8008,17840.51953
"2015-05-01",16857.6,18024.06055
"2015-05-04",16905.6008,18070.40039
