Ciudad,Localidad,Anio,v1_d_001,v1_d_003,v1_d_004,v1_d_005,v1_d_006,v1_d_007,v1_d_008,v1_d_009,v1_d_010,v1_d_011,v1_d_012,v1_d_013,v1_d_014,v1_d_015,v1_d_016,v1_d_017,v1_d_018,v1_d_019,v1_d_020,v1_d_021,v2_p_004,v2_p_009,v2_p_010,v2_p_011,v2_p_012,v2_p_002,v2_p_013,v2_p_001,v2_p_014,v2_p007,v2_p_015,v2_p_016,v3_s_013,v3_s_014,v3_s_015,v3_s_009,v3_s_008,v3_s_016,v3_s_017,v3_s_012,v3_s_018,v3_s_019,v3_s_020,v3_s_021,v3_s_022,v3_s_023,v3_s_024,v3_s_025,v3_s_026,v3_s_005,v3_s_006,v3_s_011,v3_s_010,v3_s_027,v3_s_028,v3_s_029,v3_s_030,v3_s_031,v3_s_032,v3_s_033,v3_s_034,v3_s_035,v3_s_036,v3_s_037,v3_s_038,v3_s_039,v4_e_012,v4_e_001,v4_e_013,v4_e_014,v4_e_015,v4_e_016,v4_e_017,v4_e_018,v4_e_002,v4_e_003,v4_e_004,v4_e_005,v4_e_019,v4_e_020,v4_e_021,v4_e_022,v4_e_023,v4_e_024,v4_e_025,v4_e_027,v4_e_028,v4_e_007,v4_e_029,v4_e_030,v4_e_031,v4_e_032,v4_e_033,v4_e_034,v4_e_035,v4_e_036,v4_e_037,v4_e_038,v4_e_039,v4_e_041,v4_e_042,v4_e_043,v4_e_044,v4_e_046,v4_e_047,v4_e_049,v4_e_051,v4_e_052,v4_e_053,v4_e_054,v4_e_055,v4_e_056,v4_e_057,v4_e_059,v4_e_060,v4_e_061,v4_e_062,v4_e_063,v4_e_064,v4_e_065,v4_e_066,v4_e_067,v4_e_068,v4_e_069,v4_e_070,v4_e_071,v4_e_072,v4_e_073,v4_e_074,v4_e_075,v4_e_076,v4_e_077,v4_e_078,v4_e_079,v4_e_080,v4_e_081,v4_e_082,v4_e_083,v4_e_084,v4_e_085,v4_e_086,v4_e_087,v4_e_088,v4_e_089,v4_e_090,v4_e_091,v4_e_092,v4_e_093,v4_e_094,v4_e_095,v4_e_096,v4_e_097,v4_e_098,v4_e_099,v4_e_100,v4_e_101,v4_e_102,v4_e_103,v4_e_104,v4_e_105,v4_e_106,v4_e_107,v4_e_108,v4_e_109,v4_e_110,v4_e_111,v4_e_112,v4_e_113,v5_ml_001,v5_ml_006,v5_ml_002,v5_ml_007,v5_ml_004,v5_ml_008,v5_ml_009,v5_ml_010,v5_ml_011,v5_ml_012,v5_ml_003,v5_ml_015,v6_sc_013,v6_sc_014,v6_sc_015,v6_sc_016,v6_sc_017,v6_sc_018,v6_sc_012,v6_sc_019,v6_sc_020,v6_sc_021,v6_sc_022,v6_sc_023,v6_sc_011,v6_sc_024,v6_sc_025,v6_sc_026,v6_sc_027,v6_sc_006,v6_sc_005,v6_sc_028,v6_sc_029,v6_sc_030,v6_sc_031,v6_sc_032,v6_sc_033,v6_sc_034,v6_sc_035,v7_v_012,v7_v_013,v7_v_014,v7_v_015,v7_v_016,v7_v_017,v7_v_018,v7_v_019,v7_v_020,v7_v_021,v7_v_022,v7_v_024,v7_v_025,v7_v_026,v7_v_027,v7_v_028,v7_v_029,v7_v_030,v7_v_031,v7_v_032,v7_v_033,v7_v_034,v7_v_035,v7_v_036,v7_v_037,v7_v_038,v7_v_039,v7_v_040,v7_v_041,v7_v_042,v7_v_043,v7_v_044,v7_v_045,v7_v_046,v7_v_047,v7_v_048,v7_v_049,v7_v_050,v7_v_051,v7_v_052,v7_v_053,v7_v_054,v7_v_055,v7_v_056,v7_v_057,v7_v_058,v7_v_059,v7_v_060,v7_v_061,v7_v_062,v7_v_063,v7_v_064,v7_v_065,v7_v_066,v7_v_067,v7_v_068,v7_v_069,v7_v_070,v7_v_012_1,v7_v_013_1,v8_ma_009,v8_ma_010,v8_ma_011,v8_ma_04,v8_ma_012,v8_ma_013,v7_v_003,v7_v_006,v7_v_027_1,v7_v_014_1,v7_v_015_1,v7_v_016_1,v7_v_017_1,v8_ma_014,v7_v_018_1,v8_ma_015,v8_ma_041,v8_ma_016,v8_ma_017,v8_ma_018,v8_ma_019,v8_ma_020,v8_ma_021,v8_ma_022,v8_ma_02,v8_ma_023,v8_ma_024,v7_v_019_1,v7_v_020_1,v7_v_021_1,v7_v_022_1,v7_v_023,v7_v_024_1,v7_v_025_1,v7_v_026_1,v0_ep_003,v0_ep_004,v0_ep_005,v0_ep_001,v0_ep_006,v0_ep_007,v8_ma_025,v8_ma_026,v8_ma_027,v8_ma_028,v8_ma_029,v8_ma_030,v8_ma_031,v8_ma_032,v8_ma_033,v8_ma_034,v8_ma_035,v8_ma_036,v8_ma_037,v8_ma_038,v8_ma_039,v8_ma_040,v8_ma_03,v0_ep_008,v8_ma_042,v8_ma_043,v8_ma_05,v8_ma_044,v8_ma_045,v8_ma_046,v8_ma_047,v8_ma_048,v8_ma_049,v8_ma_050,v8_ma_051,v8_ma_052,v8_ma_053,v9_m_016,v9_m_017,v9_m_007,v9_m_018,v9_m_019,v9_m_020,v9_m_021,v9_m_022,v9_m_023,v9_m_024,v9_m_025,v9_m_026,v9_m_027,v9_m_028,v9_m_029,v9_m_030,v9_m_031,v9_m_032,v9_m_033,v9_m_034,v9_m_035,v9_m_036,v9_m_037,v9_m_038,v9_m_039,v9_m_040,v9_m_041,v9_m_042,v9_m_043,v9_m_044,v9_m_045,v9_m_046,v9_m_047,v9_m_048,v9_m_049,v9_m_050,v9_m_051,v9_m_052,v9_m_053,v9_m_054,v9_m_055,v9_m_056,v9_m_057,v9_m_058,v9_m_059,v9_m_060,v9_m_061,v9_m_062,v9_m_063,v9_m_064,v9_m_065,v9_m_066,v9_m_067,v9_m_068,v9_m_070,v9_m_071,v9_m_072,v9_m_073,v9_m_074,v9_m_075,v9_m_076,v1_cr_004,v1_cr_005,v1_cr_006,v1_cr_007,v1_cr_008,v1_cr_009,v1_cr_010,v1_cr_011,v1_cr_012,v1_cr_013,v1_cr_014,v1_cr_015,v1_cr_016,v1_cr_017,v1_cr_018,v1_cr_019,v1_cr_021,v1_cr_022,v1_cr_023,v1_cr_024,v1_cr_025,v1_cr_026,v1_cr_027,v1_cr_028,v1_cr_029,v1_cr_030,v1_cr_031,v1_cr_032,v1_cr_033,v1_cr_034,v1_cr_035,v1_cr_036,v1_cr_037,v1_cr_039,v1_cr_040,v1_cr_041,v3_gp_010,v3_gp_011,v3_gp_012,v3_gp_013,v3_gp_014,v2_pc_018,v2_pc_019,v2_pc_020,v2_pc_021,v2_pc_022,v2_pc_023,v2_pc_024,v3_gp_015,v3_gp_016,v3_gp_017,v3_gp_018,v3_gp_019,v3_gp_020,v3_gp_021,v3_gp_022,v3_gp_023,v3_gp_024,v3_gp_025,v3_gp_026,v3_gp_004,v3_gp_002,v3_gp_027,v3_gp_028,v3_gp_029,v3_gp_030,v3_gp_031,v3_gp_032,v3_gp_033,v3_gp_034,v3_gp_035,v3_gp_036,v3_gp_037,v3_gp_038,v3_gp_039,v3_gp_040,v3_gp_041,v3_gp_042,v3_gp_043,v3_gp_044,v3_gp_045,v3_gp_007,v3_gp_046,v3_gp_047,v3_gp_048,v3_gp_049,v3_gp_050,v3_gp_051,v3_gp_052,v3_gp_053,v4_ee_004,v4_ee_005,v4_ee_006,v4_ee_007,v4_ee_008,v4_ee_009,v4_ee_010,v4_ee_011,v4_ee_012,v4_ee_013,v4_ee_014,v4_ee_015,v4_ee_001,v4_ee_016,v4_ee_017,v4_ee_018,v4_ee_019
Bogotá,Total Bogotá,1999,6173647,,,,,,,,1.92,,,,,,,,,,,,0.6,,,,,,,,,,,,,85.0,,80.0,,,80.0,,19.400000000000002,,,994546,16.07,,,,,86.5,,,19.5,,,11.1,,,,,,,,,,,87.4,,69.03,102.25999999999999,93.82000000000001,58.220000000000006,,,,,,,,,,,,,,,,4.3,3.3000000000000003,,,,,,,,,6.5,2.7,,,,,,,,,,,,,,,,,,,,,,,,,,,,,,,,,,,,,,,,,,,,,,,,,,,,,,,,,,,,,,,,,,,,,,64.02,,51.68000000000001,,19.28,,-2.34,,,,,,,153,,,,,,8653,,4559,,7718,,,,,,,40.5,,65.9,,,,,,,,,,,,,,,,,,,,,,,,,,,,,,,,,,,,,,,,,,,,,,,,,,,,,,,,,,,,,,,,,,,,,,,,,95.1,85.3,,,,,,,,,,,,,,,,,,,,,,,,,,,,,,,,,,,,,,,,,,,,,,,,,,,,,,52.0,,,,,,,,,,,,,,,,,,,,,,,,,,,,,,,,,,,,,,,,,,,,,,,,,,,,,,,,,,,,,,,,,,,,,,,,,,,,,,,,,,,,,,,,,,,,,,,,,,,,,,,,,,,,,,,,,,,,,,,,,,,,,,,,,,,,35.510000000000005,33.19,,,,,,,,,74.56,19.98,,,,,,,,,,45.2,,,,,,,,,,,,,,,,,-10.84,,,,9.229999999999999,,,,
Bogotá,Total Bogotá,2000,6287508,,,,,,,,1.8399999999999999,,,,,,,,,,,,0.572,,,,,,,,,,,,,81.69999999999999,100.8,75.9,79.4,,75.9,,17.8,540,21903,1046920,16.61,41.17,35.23,,,92.8,,,18.45,,4.35,10.8,,,8.8,,,,,,,,88.0,,69.66,100.69999999999999,95.5,61.5,,,,,,,,,,,,,,,,4.3999999999999995,3.2,,,,,,,,,6.800000000000001,2.4,,,,,,,,,,,,,,,,,,,,,,,,,,,,,,,,,,,,,,,,,,,,,,,,,,,,,,,,,,,,,,,,,,,,,,65.81,,52.44,,20.31,,1.48,,,,,,,114,,,,,,7567,,3350,,7620,,,,,,,37.7,,60.6,,,,,,,,,,,,,,,,,,,,,,,,,,,,,,,,,,,,,,,,,,,,,,,,,,,,,,,,,,,,,,,,,,,,,,,,,95.1,86.0,76.4,,,,,,,,,,,,,,,,,,,,,,,,,,,,,,,,2.93,,,,,,,,,,,,,,,,,,2,,,59.0,,,,,,,,,,,,,,,,,,,,,,,,,,,,,,,,,,,,,,,,,,,,,,,,,,,,,,0.0,,,17,14,,,,,,60.3,,,,,,61,,,,,,,,,,,,,,,,,,,,,,,,,,,,,,,,,,,,,,,,,,,,,,,,,,,,,,,,,,,67,,,41.39,39.42,29.349999999999998,,,,,,,,70.57,21.240000000000002,,,,,,,,,25.72,60.699999999999996,,,BBB-,,BBB-,,AA+,,,,,,,,,,3.6900000000000004,8701418,,1715,8.870000000000001,,,,
Bogotá,Total Bogotá,2001,6396991,,,,,,,,1.7399999999999998,,,,,,,,,,,,0.553,,,,,,,,,,,,,91.9,103.60000000000001,97.8,90.3,,97.8,,10.9,510,21347,1216970,18.98,40.2,32.68,,,77.1,,,16.7,,4.25,8.2,,,11.0,,,,,,,,90.0,,70.65,102.2,98.3,63.5,,,,,,,,,,,,,,,,4.5,3.2,,,,,,,,,7.9,2.6,,,,,,,,,,,,,,,,,,,,,,,,,,,,,,,,,,,,,,,,,,,,,,,,,,,,,,,,,,,,,,,,,,,,,,66.23,,53.86,,18.68,,2.7,12.44,,,,,,38,,3683,,,,6665,,4161,,8415,,,,,,,32.1,,50.9,,,,,,,,,,,,,,,,,,,,,,,,,,,,,,,,,,,,,,,,,,,,,,,,,,,,,,,,,,,,,,,,,,,,,,,,,95.19999999999999,87.6,80.7,,,,,,,,,,,,,,,,,,,,,,,,,,,,,,,,2.94,,,,,,,,,,,,,,,,,,,,,65.0,,,,,,,,,,,,,,,,,,,,,,,,,,,,,,,,,,,,,,,,,,,,,,,,,,,,,,0.0661,,,22,27,,,,,,79.5,,,,,,1532,,,,,,,,,,,,,,,,,,,,,,,,,,,,,,,,,,,,,,,,,,,,,,,,,,,,,,,,,,,65,,,45.68,43.88,27.63,,,,81.71000000000001,63.41,24.69,76.85,62.0,25.03,,,,,,,,,31.46,74.45,,,BBB-,,BBB-,,AA+,,,,,,,,,,1.08,9347982,,2252,7.109999999999999,,,,
Bogotá,Total Bogotá,2002,6505019,,,,,,,,1.69,,,,,,,,,,,,0.575,,,,,8.9,,38.3,,,,,,90.5,99.1,97.5,85.39999999999999,,97.5,,11.899999999999999,445,20165,1292259,19.82,40.45,31.86,,,64.2,,,15.12,,5.31,7.6,,,12.5,,,,,,,,92.10000000000001,,71.86,114.11,102.89999999999999,64.7,,,,90.35,78.05,44.04,,,,,,,,,,3.3000000000000003,2.6,,,,,,,,,7.8,2.3,,,,,,,,,,,,,,,,,,,,,,,,,,,,,,,,,,,,,,,,,,,,,,,,,,,,,,,,,,,,,,,,,,,,,25.5,67.14,,54.86,,18.29,,1.8599999999999999,14.96,,,,,,33,,3580,,,,5929,,4696,,7252,,,,,,,28.5,,48.0,,,,,,,,,,,,,,,,,,,,,,,,,,,,,,,,,,,,,,,,,,,,,,,,,,,,,,,,,,,,,,,,,,,,,,,,,98.0,90.10000000000001,83.7,,,,,,,,,,,,,,,,,,,,,,,,,,,,,,,,2.93,,,,,,,,,,,,,,,,,,3,7100.0,,66.0,,,,,,,,,,,41615,,,,,,,,,,,,,,,,,,,,,,,,,,,,,,,,,,,,,,,,,,,0.1202,,,27,31,,,,,,82.6,,590939,30058,84805,,1245,,,,,,,,,,,,,,,,,,,,,,,,,,,,,,,,,,,,,,,,,,,,,,,,,,,,,,,,,,,68,,,46.73,44.879999999999995,44.28,,,,80.34,56.989999999999995,46.69,72.92,64.78,21.41,,,,45.879999999999995,54.120000000000005,,,,24.64,75.84,,,BBB-,,BBB-,,AAA,,,,,,,,,,3.4000000000000004,10079483,,1512,6.93,,,,
Bogotá,Total Bogotá,2003,6612073,,,,,,,,1.6500000000000001,,,,,,,,,,,,0.525,,89.21,,,7.8,,38.9,,,,,,94.39999999999999,105.1,92.10000000000001,93.30000000000001,,92.10000000000001,,10.8,481,19625,1369970,20.669999999999998,38.65,32.99,,,58.8,,,15.05,,2.35,6.0,,,11.9,,,,,,,,94.89999999999999,,73.05,107.0,105.2,65.3,,,,85.48,72.42,42.51,,,,,,,,,,3.2,2.1999999999999997,,,,,,,,,2.7,1.5,,,,,,,,,,,,,,,,,,,,,,,,,,,,,,,,,,,,,,,,,,,,,,,,,,,,,,,,,,,,,,,,,,,,,25.6,67.7,,56.489999999999995,,16.56,,2.97,12.770000000000001,,,,,,26,,4821,,,,5876,,5030,,6224,,,,,,,25.4,,40.7,,,,,,,,,,,,,,,,,,176268,147072,,,,,,,,,,,,,,,,,,,,,,,,,,,,,,,,,,,,,,,,,,,,,,,,,,,,,,100.0,93.89999999999999,86.8,,,,,,,,,,,,,,,,,,,,,,,,,,,,,,,,4.83,,,,,,,,,,,,,,,110639,101657,,3,8073.0,,66.29,,,,,,,,,,,39556,,,,,,,,375,32,64,25,89,,,,,,,,,,,,,,,,,,,,,,,,,,,,,,,0.1347,,,24,33,,,,,,92.1,,590379,31324,89210,,1923,,,,,,,,,,,,,,,,,,,,,,,,,,,,,,,,,,,,,,,,,,,,,,,,,,,,,,,,,,,73,,,52.16,50.36000000000001,66.53999999999999,,,,73.21,57.07,48.53,72.57000000000001,70.42,18.48,,,,50.09,49.91,,,,24.2,63.470000000000006,,,BBB-,,BBB-,,AAA,,,,,,,,,,4.84,10901887,,2004,5.9799999999999995,,,,
Bogotá,Total Bogotá,2004,6718492,,,,,,,,1.6099999999999999,,,,,,,,,,,,0.56,,,,,6.3,,33.7,,,,,,92.4,105.60000000000001,91.60000000000001,92.30000000000001,,91.60000000000001,,10.4,490,19115,1532777,22.759999999999998,28.22,35.07,,,64.2,,,15.4,,5.4,6.1,,,11.5,,,,,,,,96.7,,68.82000000000001,106.2,105.0,83.2,,,,85.08,68.86,37.169999999999995,,,,,,,,,,3.2,2.1999999999999997,,,,,,,,,2.6,1.6,,,,,,,,,,,,,,,,,,,,,,,,,,,,,,,,,,,,,,,,,,,,,,,,,,,,,,,,,,,,,,,,,,,,,27.0,66.02,,56.26,,14.78,,-0.4,10.96,,,,,,8,,3740,,,,5494,,4700,,5141,,,,,12763,,22.7,,39.4,,,,,,,,,,,,,,,,,,,,,,,,,,,,,,,,,,,,,,,,,,,,,,,,,213,,,,,,,,,,,,,,,,,,,,,,,,100.0,96.0,88.9,,,,,,,,,,,,,,,,,,,,,,,,,,,,,,,,4.78,,,,,,,,,,,,,,,100034,136788,,3,7609.0,,70.0,,,,,,,,,,,42986,,,,,,,,364,54,107,24,77,,,,,,,,,,,,,,,,,,46.0,49.0,25.0,,,,,,,,,,,0.1592,,,24,33,,,,,,93.1,,666528,33530,91079,,1464,,,,,,,,,,,,,,,,,,,,,,,,,,,,,,,,,,,,,,,,,,,,,,,,,,,,,,,,,,,70,,,55.54,53.55,,,,,82.32000000000001,58.040000000000006,44.68,59.88,66.91,19.06,,,,56.87,43.13,,,,40.699999999999996,44.879999999999995,,,BBB-,,BBB-,,AAA,,,,,,,,,,5.57,12030221,,1785,5.38,,,,
Bogotá,Total Bogotá,2005,6840116,3285708,3554408,,1636.63,163663.08,,4179.39,1.81,30.0,25.14,35.510000000000005,53.0,54.879999999999995,50.3,0.22,1.4000000000000001,76.49,73.81,79.3,0.557,,,,,4.0,,27.0,,,,,90.60000000000001,90.60000000000001,99.87,92.60000000000001,90.49000000000001,82.15,90.49000000000001,21.6,10.2,489,18964,1680537,22.8,20.369999999999997,36.309999999999995,,2.4,59.6,12.0,32.0,14.97,19.28,5.0,2.69,,23.0,12.6,,,,,,,,96.89999999999999,,69.89999999999999,106.2,104.5,84.1,,90.7,,89.79,73.8,44.51,,,,,6434,,,,,3.2,1.9,,,,,,,,,3.1,1.7999999999999998,,,,,,,,,,2.4,,,,30.37,136490,,,,,,,,,,,,,,,,27.900000000000002,,,,,,,,,,,,,,,,,,,,,,,,,,,,,,,,,,,,,,28.4,66.36,,57.67,,13.089999999999998,,2.5,11.110000000000001,,,,,,32,,5717,83.5805,1125,16.4471,11751,171.7953,5292,77.3671,5861,85.6857,,,,26511,391.0,24.7,1689,,3.2,215,19.0,39.0,,,,,,,4.6,,,,,,,,,,,,,,,,,,,,,,,,,,,,8938,5881,19072,,840328,2352502,,557,,,459,,232,169,619,,,,,,,2816121,147427,311970,473739,33891,,,,,,277.2,1974971,,100.0,96.89999999999999,93.0,,,,,,,98.7,12355.0,,,,,,,,30.69,,,100.0,,81.0,100.0,,,,,234503,,,,,4.0,,,,,,,,,,,,,,,57781,85539,,4,7539.0,,74.0,,,6835,,,,,,57.99999999999999,,35834,,,532,,,,,321,63,78,24,65,,,,,,,,53,,,,,,,,,,28.000000000000004,53.0,19.0,,,,,,,,,,,0.1809,101353,20,23,33,33,27,,,,97.2,,,47007,93783,,1876,1020,4564431,8838,2077,,,,,,,,,,,,,,,,,,,,,,,,,,,,,,,,,,,,,,,,,,,,,,,,,,,,,,,70,51,83,45.73,43.94,,3890.0,22.0,20.0,81.67999999999999,62.94,39.6,57.099999999999994,72.87,16.400000000000002,,,,38.04,61.96,,,,36.6,53.16,BAA4,BA4,BBB-,BB,BBB-,BB,AAA,AAA,14418,3093,13,,,68.5,,,5.1,13245097,5250,4936,4.84,,1741656730.0,,8082428438.0
Bogotá,Total Bogotá,2006,6945216,3338250,3606966,,1636.63,163663.08,,4243.61,1.54,32.0,26.450000000000003,37.09,52.0,53.93,49.63,,,76.69,74.07,79.44,,,,,,3.0,,23.799999999999997,,,,,92.7,92.7,103.38000000000001,94.8,92.61,90.2,92.69,20.9,9.9,544,19778,1620305,23.3,16.0,37.669999999999995,,2.2,52.7,12.2,30.58,13.63,23.25,4.0,2.54,,18.0,16.8,,,,,,,,97.1,,71.92,105.69999999999999,104.0,85.7,,90.7,,90.73,75.48,46.57,,,,,5993,,,,,3.5000000000000004,1.7999999999999998,,,,,,,,,3.1,1.5,,,,,,,,,,2.1,,,,30.97,171338,,,,,,,,,,,,,,,,58.599999999999994,,,,,,,,,,,,,,,,,,,,,,,,,,,,,,,,,,,,,,30.099999999999998,65.55,,57.989999999999995,,11.53,,0.5499999999999999,9.6,,,,,,6,,5140,74.0078,1207,17.3789,12820,184.5875,4593,66.1319,2637,37.9686,,,,27769,401.0,19.2,1336,,2.7,188,19.0,35.0,,,,,,,5.3,,,,,,,,,,,,,,,,,,,,,,,,,,,,11418,8620,22741,,891548,2382256,,503,,,500,,42,153,500,,,,,,,4138314,167671,491891,536774,36478,310434,,,,,286.7,2132326,,99.4,97.0,93.4,,,,,,,99.2,13829.0,,,,,,,,29.79,,,100.0,,,,,,,,82048,,,,,4.74,,,,,,,,,,,,,,,109741,83156,,4,8198.0,,68.0,,,12270,,,,,,79.0,,35504,,,544,,,,,261,82,76,26,54,,,58581,130822,486798,,,53,,,,,,,,,,32.0,54.0,14.000000000000002,,,,,,,,,,,0.2282,128929,21,23,30,30,26,,,,101.8,,,82083,98246,,1720,1087,3376076,7002,2001,,,,,,,,,,,,,,,,,,,,,,,,,,,,,,,,,,,,,,,,,,4208113,1607867,,,,,,,,,,,,73,32,84,43.25,41.33,,3710.0,25.0,26.0,84.04,55.67999999999999,43.04,64.98,74.49,13.87,,,,28.71,71.28999999999999,,,,,39.07,BAA3,BA1,BBB-,BB,BBB-,BB,AAA,AAA,15201,3713,12,,,69.5,,,6.800000000000001,14552751,5604,1353,4.130000000000001,,,,
Bogotá,Total Bogotá,2007,7050228,3390872,3659356,,1636.63,163663.08,,4307.77,1.51,33.0,27.860000000000003,38.93,51.0,53.0,49.0,,,76.88,74.32,79.58,0.56,0.511,90.09,,,8.0,6.7,30.599999999999998,25.4,,,,94.1,94.1,103.61,94.3,94.02000000000001,92.25999999999999,94.16,21.0,6.6000000000000005,526,21095,1651029,23.200000000000003,11.899999999999999,38.91,,2.6,48.6,12.4,31.35,13.82,23.73,4.0,3.05,,17.0,15.2,,,,,,,,98.7,,74.92,107.60000000000001,105.2,85.9,,92.2,,85.49,79.32000000000001,54.790000000000006,,,,,4521,,,,,3.5999999999999996,1.5,,,,,,,,,3.4000000000000004,1.4000000000000001,,,,,,,,,10.56,0.5,,,,30.0,206791,,,,,,,,,,,,,,,,17.7,,,,,,,,,,,,,,,,,,,,,,,,,,,,,,,,,,,,,,31.6,64.01,,57.37,,10.38,,-1.0999999999999999,9.31,,,45.1,,,6,,4201,59.5867,1018,14.4392,11853,168.1222,4793,67.9836,3131,44.4099,,,,33272,472.0,19.9,1401,,3.1,220,14.000000000000002,33.0,,12.0,15.6,5.3,,,4.7,38.7,,13.5,,41.4,,145822,162124,4.1000000000000005,,,,,,,,,,,,,,,,,,,8380,10925,26587,,754785,2220262,4545,461,,,523,,65,140,772,,,,,,,4785455,174069,377517,939994,42779,312882,,,,,284.0,913305,,100.0,99.0,96.0,,,,,,,98.9,12997.0,,,,,,,,30.61,,,100.0,,82.3,,0.22,,,,172710,,,,,4.68,,,,,,,,,,,,,,,80259,79208,,4,16483.0,,71.6,,,24948,,,,,,90.0,,37460,,7.8,538,168.4,5.1,,,309,103,73,19,47,,,43795,107063,531291,20391,13632,57,66,68,,,34,27,44,27,,37.0,46.0,18.0,,,,,,,,,,,0.2334,142530,22,23,31,31,26,28,10,404,104.1,,,115034,99964,52021,1453,1107,3247014,5539,779,16.0,,,,,,,,,,,,,,39.17,8.84,4.5,2.63,40.54,1.25,0.47000000000000003,3.74,,,,,,,,,,,,,,,,,47.83,46.97,44.519999999999996,,,2095629,2062462,,,,,,,,,,76,50,81,47.910000000000004,45.12,,4020.0000000000005,1.0,5.0,81.71000000000001,65.14999999999999,52.900000000000006,70.96000000000001,75.33,15.950000000000001,,,,53.43,46.57,,,,,44.379999999999995,BAA3,BA1,BBB-,BB+,BBB-,BB+,AAA,AAA,16607,3587,11,,,70.8,,,6.5,16027709,7023,2581,5.57,,,,
Bogotá,Total Bogotá,2008,7155052,3443523,3711529,,1636.63,163663.08,,4371.82,1.49,35.0,29.360000000000003,40.99,50.0,52.09,48.4,,,77.08,74.57,79.72,0.531,,,,,3.9,,22.5,,,,,96.8,96.93,98.22,97.6,96.8,74.38,96.7,21.4,6.2,586,21006,1518709,20.599999999999998,,38.769999999999996,,2.9,41.7,12.4,30.4,13.25,26.8,2.7,1.5,,21.0,23.0,390,5.6,,,,,,102.59,,92.5,108.80000000000001,106.69999999999999,84.5,,96.49,86.0,103.89999999999999,90.60000000000001,62.1,,,,,5148,,,,109416,3.5999999999999996,1.5,,,,,,,,,3.19,1.3,,,,,,,,,10.63,0.5700000000000001,,,,29.5,224024,,,,,,,,,,,,,,,,18.099999999999998,61.199999999999996,32.1,46.400000000000006,82.19999999999999,38.800000000000004,,,,,,,,,,,,,,,,,,,,,,,,,,,,,,,,,34.1,65.45,,58.89,,10.100000000000001,,2.7,12.07,,,45.7,,,20,,4004,55.9605,1001,13.9901,16555,231.375,5466,76.3936,2977,41.607,,,,31891,446.0,20.5,1460,,3.7,262,18.0,40.0,55.00000000000001,,,,,1920237,6.0,38.2,,10.7,,42.3,,,,,4730,9339,,,,,,,,,,,,,,,,,6413,7372,22693,,985011,2882651,,229,,,948,9339,10,266,648,,,,,,,3934414,151948,509262,1006497,45892,320347,,,,,282.2,2161587,,99.7,99.1,97.8,1471738,,182812,,,,99.7,12600.0,38893,175002,192777,75464,31332,30600,274414632,29.73,,,100.0,,88.8,,27.800000000000004,,,,121595,,,,,4.0,64,71,100,34,45,27,80,27,31,23,50,31,31,59,49983,49215,,4,16693.0,3.4,67.0,,,8291,,,,,,86.0,,36191,,7.5,527,109.1,4.6,,,321,103,57,21,34,,,36086,115609,719527,51489,18762,61,63,55,,,28,28,26,22,,34.0,43.0,23.0,,,,,,,,,,,0.2602,155502,23,23,31,31,26,26,14,328,106.7,,911793,143891,100489,52101,1812,1127,2520692,10209,1120,,,,,,,,,,,,,,,,,,,,,,,,,,,,,,,,,,,,,,,,,,,,,,,,,49.0,,,,8.0,43.0,77,46,75,53.349999999999994,77.10000000000001,61.69,39.07,-4.2,-6.03,88.74,67.58999999999999,41.28,63.71,57.91,10.9,15.290000000000001,,18.86,56.28999999999999,43.71,27.939999999999998,1.01,70.44,25.09,34.96,BAA3,BAA3,BB+,BB+,BBB-,BB+,AAA,AAA,50293,16909,8,49,,64.3,,,3.4000000000000004,17225871,7023,4074,7.489999999999999,,,,
Bogotá,Total Bogotá,2009,7259597,3496153,3763444,,1636.63,163663.08,,4435.7,1.46,37.0,30.95,43.230000000000004,50.0,51.23,47.83,,,77.27,74.84,79.81,0.526,,,,,4.0,,22.0,,,,,96.6,96.7,102.69999999999999,98.7,96.6,104.60000000000001,96.6,20.9,6.0,573,20675,1275129,17.1,,40.160000000000004,,3.1,52.7,12.8,26.9,12.06,24.4,3.0,1.0,4.1,17.0,18.5,428,6.2,,,,Hipertensión esencial; otros dolores abdominales y los no especificados; caries de la dentina; rinofaringitis aguda; infección de vias urinarias,Esquizofrenia paranoide; trastorno afectivo bipolar; trastorno psicótico agudo y transitorio; tumor maligno de la mama; trastornos mentales y del comportamiento debidos al uso de múltiples drogas y al uso de otras sustancias psicoactivas: sí.rome de depe.encia.,102.83,,89.1,108.60000000000001,108.0,85.7,,96.89,85.59,104.1,92.10000000000001,61.89,1497771,,,,15903,,,,98277,3.6999999999999997,1.4000000000000001,,,,,,,,,3.3000000000000003,1.7000000000000002,,,,,,,,,10.47,0.44999999999999996,,,,29.56,185826,,,,,,,,,,,,,,,,33.4,67.5,50.0,54.300000000000004,66.7,32.5,,,,,,,,,,,,,,,,,,,,,,,,,,,,,,,,,35.6,66.55,,58.9,,11.5,,0.0,10.25,7.199999999999999,,45.9,,,12,0.2,3765,51.8,1433,19.7,15894,218.8,4863,66.9,2980,41.0,,,,41889,577.0,22.7,1646,37.0,3.2,254,8.0,34.0,57.99999999999999,,,,,1974882,5.6,,,,,,,,,,4512,10255,,,,,,,,,,,,,,,,,5204,9239,16044,40298,852378,2986288,,350,,12270,2391,10255,1,280,1058,,,,,1022000,657000,2623518,100247,391879,608747,30487,323390,,,,,295.1,2096427,,99.7,98.9,99.2,1507865,,186184,,20.0,,99.8,12240.0,38864,177744,191521,75811,30458,29859,270419103,29.18,,,100.0,,92.0,,,,,,220,,,,,,71,63,88,35,58,42,82,34,35,35,88,46,47,36,85993,62337,,5,16997.0,4.7,58.3,,,38013,49533,,,,,85.0,,31562,,7.3,606,100.2,4.2,127,401,271,104,76,28,49,,,26752,46464,563419,58500,22641,65,57,43,,27,27,26,34,24,8,37.0,40.0,23.0,68.7,17.5,13.900000000000002,38.6,29.5,31.900000000000002,24.4,21.4,42.199999999999996,,0.2888,168684,24,21,25,25,26,27,13,315,121.0,,970884,166941,101564,52360,1670,1156,4000566,17360,2325,16.3,,,,,,,,,,,,58.07,57.709999999999994,34.96,8.98,4.78,2.8000000000000003,19.950000000000003,1.73,0.52,5.67,,,,,,,,,,,,68.26,0.76,3.83,15.9,,,,,,,,,6069,3614,1451,73.0,26500,8731,1269,3.1,24.0,73,24,81,49.559999999999995,76.2,61.92999999999999,37.28,13.38,14.41,87.81,66.12,50.92,69.87,59.0,10.58,14.27,,16.009999999999998,62.59,37.41,31.630000000000003,0.96,67.41,21.46,29.37,BAA3,BAA3,BBB-,BBB-,BBB-,BB+,AAA,AAA,49380,16425,6,53,,59.8,,,2.0,18200597,7789,2234,1.8800000000000001,-19.5,2885395754.0,-3.0,13972164e3
Bogotá,Total Bogotá,2010,7363782,3548713,3815069,384.0,1636.63,163663.08,19176.52,4499.35,1.44,39.0,32.62,43.5,49.0,50.46000000000001,47.349999999999994,,,77.45,75.12,79.91,0.526,,,1210.0,,2.0,,15.5,,,,,94.19999999999999,94.19999999999999,101.1,97.5,94.19999999999999,69.89999999999999,93.8,19.3,5.3,515,19325,1309008,17.1,11.29,41.08,,3.0,37.3,12.9,25.5,11.7,35.5,1.2,0.8,4.9,17.2,17.6,438,6.1,,,,Hipertensión esencial; otros dolores abdominales y los no especificados; infección de vías urinarias; Rinofaringitis aguda,Esquizofrenia paranoide trastorno afectivo bipolar; trastorno psicótico agudo y transitorio; retraso mental leve: otros deterioros del comportamiento trastorno afectivo bipolar; episodio maniaco presente sin síntomas psicóticos.,103.08,,89.0,106.69999999999999,109.1,89.4,,95.69,83.19,100.8,91.3,58.089999999999996,1488138,1214,27934,6434,36111,58588,46472,66236,110517,3.9,1.2,,,,,,,,1.0999999999999999,3.6999999999999997,1.9,,,,1.4000000000000001,,,,,10.59,0.62,,,,30.08,93519,,,,,,,,,,,,,,,,39.4,70.19999999999999,57.199999999999996,59.0,60.6,29.799999999999997,,,,,,,,,,,,,,,,,,,,,,,,,,,,,,,,,37.2,68.61,,61.28,,10.6,,4.04,14.02,6.800000000000001,,45.5,,,27,0.4,3652,49.3,1568,21.3,16838,226.9,5301,71.9,2946,39.9,,15467,29471,44938,610.26,23.7,1743,38.8,3.4,247,21.0,34.0,72.0,,,,,2017230,5.0,37.1,,9.4,,45.0,,,,,4895,11460,,,,,,,,,,,,,,,,,5468,12182,23995,36730,922434,2276152,,1094,,13931,1653,11460,12,596,1099,,,,,1094000,547000,4325953,38663,219029,774798,41645,327127,72.0,,,,301.6,2235334,1811,99.9,99.1,99.4,1553252,1526192,189635,188314,18.0,,99.8,13946.0,38042,171805,182153,73515,28649,28323,256570528,27.57,190707624,65691169,100.0,,89.7,,38.7,,869536,,,154294,107608,,,,82,65,88,31,46,35,82,33,34,41,88,45,37,38,81634,91760,,4,15909.0,10.7,59.0,,,31744,34376,,,,,88.0,6962366,33192,,7.1702,528,133.3,3.8,131,397,295,110,65,15,43,,,67365,60324,575343,42698,18764,72,64,53,,33,35,26,42,26,14,37.0,40.0,23.0,67.5,20.1,12.4,37.6,28.999999999999996,33.300000000000004,25.7,20.7,53.6,,0.2768,177853,25,19,24,24,26,26,18,470,297.0,,1049527,206844,102408,52722,838,1191,3608750,17096,4349,,,,,,,,,,,,,,,,,,,,,,,,,,,,,,,,,,68.30000000000001,0.77,4.45,15.0,,,,,4745540,1903594,,,5867,3815,1413,75.0,31820,9148,1269,3.0,22.0,80,76,62,55.34,75.17,67.32000000000001,35.11,-7.870000000000001,-5.3,88.35,68.66,46.760000000000005,67.51,71.21,11.43,13.91,,19.8,73.58,26.419999999999998,39.4,0.9400000000000001,59.660000000000004,24.01,25.14,BAA3,BAA3,BBB-,BBB-,BBB-,BB+,AAA,AAA,54304,15530,8,37,6,61.1,6687824,824778,3.6999999999999997,19036278,9622,1682,3.25,2.1,2945057126.0,29.4,18085464e3
Bogotá,Total Bogotá,2011,7467804,3601370,3866434,384.0,1636.63,163663.08,19447.41,4562.91,1.41,41.0,32.6,45.6,48.0,49.769999999999996,46.949999999999996,,,77.64,75.39,80.0,0.522,0.542,91.53,1190.0,16.5,2.0,4.0,13.100000000000001,17.299999999999997,15.1,,,89.60000000000001,89.60000000000001,99.3,93.2,89.60000000000001,102.60000000000001,89.4,18.099999999999998,5.2,456,19003,1278622,17.1,11.0,72.3,,3.0,38.6,13.3,24.0,11.4,36.0,0.8,1.2,6.2,10.9,20.9,440,5.9,,1.67,7.7,Hipertensión esencial; otros dolores abdominales y los no especificados; caries de la dentina; infección de vías urinarias; enfermedad pulmonar obstructiva crónica.,Esquizofrenia paranoide; esquizofrenia residual; trastorno mental no especificado debido a lesión y disfunción cerebral y a enfermedad física; otros trastornos mentales especificados debidos a lesión y disfunción cerebral y a enfermedad física esquizofrenia i.iferenciada.,100.99000000000001,76.9,85.6,102.60000000000001,107.69999999999999,91.4,102.89999999999999,94.19,77.9,93.7,88.8,58.19,1479334,354,27262,5993,35555,57291,44124,63638,106941,3.9,1.0999999999999999,,,,,,,,0.8999999999999999,8.6,2.8000000000000003,,,,1.7000000000000002,,,,,10.68,0.42,,,,29.0,106761,,,,,,,,,,,,,,,,57.199999999999996,79.0,72.39999999999999,77.7,42.9,21.0,,,,,,,,,,,,,,,,,,,,,,,,,,,,,,,,,68.30000000000001,70.93,61.1,64.17,55.800000000000004,9.6,8.6,4.72,13.87,6.0,4.3,45.7,50.8,,52,0.7,3174,42.5,1856,24.9,17114,229.1,4869,65.2,3108,41.6,,14351,28166,42517,569.34,22.1,1654,37.5,4.2,277,7.000000000000001,26.0,45.0,12.9,11.799999999999999,5.3,6.5,2062277,4.9,38.800000000000004,40.300000000000004,10.5,12.5,44.5,41.4,116529,141517,2.5,3445,17329,842,,,,,,,,,,,20774,,,,,2793,12156,25487,36788,817577,2454746,3329,1423,3329,15112,1215,17329,43,766,682,,,,,,635000,5244508,54127,255865,843035,40436,331037,67.9,,,,288.3,2285585,2177,99.9,99.2,98.6,1593830,1567192,192650,191335,6.0,,99.9,17450.0,38442,178005,185866,79062,29998,29154,265040926,28.12,197292273,67672482,100.0,87.6,86.9,99.9,43.5,43.0,1031827,70.3,,124492,36740,,,,94,71,94,37,56,42,81,69,51,44,88,49,50,48,103419,69001,,,15878.0,10.7,51.63,,,75184,58116,61.0,32.0,69.0,60.0,45.0,6356160,34115,,7.5256,562,97.4,3.5,114,448,294,126,69,12,61,,,40023,92933,415859,42567,11611,65,67,50,,28,36,28,44,25,15,28.999999999999996,51.0,21.0,71.0,17.2,11.799999999999999,31.5,15.5,53.0,14.399999999999999,23.5,62.1,,0.32,185139,27,19,23,23,20,26,13,537,344.0,,1162515,271357,104298,52536,648,1210,5084345,25441,2904,16.8,,,2.9,,,,,,,,,62.32,68.58,34.07,9.76,4.83,3.29,19.15,2.45,1.0699999999999998,3.3300000000000005,23.599999999999998,1.9900000000000002,17.28,,,,,,,,,65.44,0.59,3.16,17.330000000000002,,47.410000000000004,45.82,50.18,,,2325374,2247592,7012,6421,1939,72.0,29625,10192,1445,3.0,25.0,84,19,85,54.669999999999995,78.35,68.97999999999999,32.440000000000005,-5.5,2.55,85.84,68.25,53.690000000000005,56.31,69.46,11.709999999999999,16.86,1.8800000000000001,21.83,73.33,26.669999999999998,38.86,0.91,60.22,23.580000000000002,23.98,BAA3,BAA3,BBB-,BBB-,BBB,BBB-,AAA,AAA,64250,26798,8,39,9,62.8,7310961,878774,6.0,20448180,10273,2,3.55,28.4,3780951967.0,39.2,25166226472.0
Bogotá,Total Bogotá,2012,7571345,3653868,3917477,384.0,1636.63,163663.08,19717.04,4626.18,1.39,43.0,34.0,48.0,48.0,49.21,46.650000000000006,,,77.82,75.67,80.1,0.497,,,1110.0,,2.0,,11.600000000000001,,11.899999999999999,,,86.3,86.5,96.0,89.1,86.3,82.8,86.3,18.27,5.1,485,19022,1251930,16.5,10.0,72.0,,2.9,41.4,12.9,23.8,11.9,17.6,0.7,1.2,5.0,10.0,17.6,479,5.3,,1.66,7.5,Hipertensión esencial; otros dolores abdominales y los no especificados; caries de la dentina; rinofaringitis aguda; infección de vías urinarias.,Esquizofrenia paranoide retraso mental moderado: deterioro del comportamiento significativo; que requiere atención o tratamiento trastorno afectivo bipolar; trastorno mental no especificado debido a lesión y disfunción cerebral y a enfermedad física esquizofrenia residual.,99.3,78.5,83.28,97.19,107.83,88.31,,95.78999999999999,82.09,89.3,90.5,64.60000000000001,1471719,439,23698,4521,32157,56044,42919,61004,98774,3.1,1.0,2.7,,2.4,,4.1000000000000005,,3.1,,8.200000000000001,2.4,,,,1.2,,,,,10.6,0.5,,,,26.99,78942,,,,,,,,,,,,,,,,60.0,78.60000000000001,79.3,79.2,40.0,21.4,,,,,,,,,,,,,,,,,,,,,,,,,,,,,,,,,69.0,72.1,,65.2,,9.5,,1.7000000000000002,13.200000000000001,6.1,,46.5,,,38,0.5,6013,79.4,1900,25.1,21404,282.7,5150,68.0,2372,31.3,,13615,33585,47200,623.4,16.9,1283,31.5,5.0,242,9.5,21.0,40.0,14.0,,,,2105638,5.2,37.9,,8.7,,44.7,,,,,1736,12693,842,2321,602,,,,,,,,,14429,,,,485,4381,7455,23323,39147,807562,2821118,,847,,15832,1441,12693,0,128,156,2248817,2326967,2302647,24320,,641659,3479402,47582,401806,872655,35159,334205,64.5,,,,303.6,2280774,2386,99.9,99.2,98.4,1623621,1598354,188617,187222,7.000000000000001,704437,99.9,14194.0,39054,184293,190045,81225,31289,30644,272798172,28.61,203697474,69013706,100.0,,90.0,,52.2,,1165573,,100369,100369,35664,3.9,6.3,4.5,100,47,88,31,57,37,80,60,38,38,94,44,38,39,88441,70059,,6,15758.0,10.7,47.6,,3672,115525,53549,58.4,3245.0000000000005,53.5,34.9,85.0,6548769,35602,,7.5416,571,96.7,3.29,109,462,296,135,68,24,48,,,19674,27431,401415,37820,,72,62,46,,33,30,27,42,25,19,37.0,44.0,19.0,67.80000000000001,15.5,16.7,55.800000000000004,11.5,32.7,19.900000000000002,23.799999999999997,58.3,,0.31,191621,26,19,23,24,26,26,17,515,376.0,,1267039,328078,105630,52505,1174,1238,4181919,23174,3951,,,,,,,,,,,,,,,,,,,,,,,,,,,,,,,,,,65.56,0.35000000000000003,2.5,16.08,,,,,,,,,7422,7715,2158,72.0,32301,11150,1423,3.0,25.0,83,14,81,58.379999999999995,79.01,68.91000000000001,32.12,-2.0500000000000003,-3.9600000000000004,82.67,63.9,57.66,49.62,65.16999999999999,12.43,17.64,2.85,22.37,79.69000000000001,20.31,39.51,1.01,59.48,24.55,19.919999999999998,BAA3,BAA3,BBB-,BBB-,BBB,BBB-,AAA,AAA,62951,15897,8,42,5,59.4,7518408,894900,4.1000000000000005,21730749,11329,583,2.4299999999999997,-13.0,3289802507.0,10.2,27721719201.0
Bogotá,Total Bogotá,2013,7674366,3706165,3968201,384.0,1636.63,163663.08,19985.33,4689.12,1.3599999999999999,43.0,36.0,50.0,48.0,48.76,46.43,,,78.0,75.9,80.2,0.504,,,869.9999999999999,,1.6,,10.2,,9.5,,,102.89999999999999,102.89999999999999,100.6,92.7,102.89999999999999,95.89999999999999,102.89999999999999,17.46,4.8,422,17974,1267841,16.5,6.5,73.0,,2.15,24.4,12.8,19.9,10.3,14.6,0.0,0.5,6.2,7.2,20.4,450,5.6,3058,1.7,7.9,Otros dolores abdominales y los no especificados; hipertensión esencial (primaria); caries de la dentina; rinofaringitis aguda;  infección de vías urinarias.,Esquizofrenia paranoide; tumor maligno de la mama; retraso mental moderado: deterioro del comportamiento significativo; autismo en la niñez; bronquiolitis aguda.,97.21,70.6,86.87,98.07000000000001,104.52,85.96000000000001,,90.0,81.28999999999999,88.9,92.10000000000001,67.2,1465194,679,24874,5148,35202,54236,49340,60063,109416,2.6,0.8999999999999999,2.5,1.2,2.0,0.8,3.5000000000000004,1.0,2.5,0.8,7.000000000000001,1.9,0.6,,4.7,1.2,11.200000000000001,,6.2,,10.7,0.5,,,,25.3,83483,,,,,,,,,,,,,,,,60.199999999999996,77.2,75.9,75.2,39.800000000000004,22.8,,,,,,,,,,,,,,,,,,,,,,,,,,,,,,,,,,72.0,,65.5,,9.0,,,13.5,6.3,,43.9,,,15,0.2,6669,86.5,2280,30.1,25243,332.5,4015,50.6,2225,28.9,7,12342,33091,45433,592.01,16.7,1283,29.7,3.3,220,17.0,28.000000000000004,52.0,13.0,,,,2149842,5.5,36.6,,8.7,,46.0,,,,,2209,12088,1684,10802,524,,,,,,,,,14297,,,,470,1710,5683,24417,41924,757572,3143187,,1465,,17588,530,12088,1,116,28,2302649,2384390,2359102,25288,1432331,870316,4247216,40115,746367,1336255,31810,337103,63.1,3.9699999999999998,96119,,306.1,2346826,1254,99.9,99.3,98.9,1662923,1638537,189949,188457,6.0,720301,99.9,6219.0,40969,193116,189683,82289,30283,29307,275284579,28.59,206460815,68757176,100.0,,90.0,,58.199999999999996,,1324471,,375051,135593,239458,,,,100,53,88,41,51,35,88,81,39,43,94,46,43,38,88900,75690,0.0,,15626.0,14.8,47.9,,11754,59605,45489,61.0,39.0,68.0,35.0,84.0,8472054,34326,61.3,6.5,534,81.0,2.6,98,400,270,107,58,12,51,1105,514,13838,17573,319035,45963,,65,64,52,,35,37,26,32,24,17,39.69,40.37,19.919999999999998,70.3,17.299999999999997,12.4,54.300000000000004,12.9,32.81,20.75,23.7,55.55,151.4,0.329,214900,26,20,27,27,26,25,21,648,383.0,,1364993,382687,109279,52325,939,1252,5836700,13298,20669,11.5,4.0,4984,2.93,,,54054,82160,,,,,60.099999999999994,66.0,35.66,8.86,3.7600000000000002,2.8000000000000003,19.97,2.02,0.5599999999999999,4.34,21.44,0.77,14.57,,454,,,,,278,33.300000000000004,65.10000000000001,0.35000000000000003,2.9000000000000004,15.49,,,,,,1844016,,,5039,8102,2162,75.0,38282,10927,1521,3.0,22.0,84,17,63,60.040000000000006,80.28999999999999,70.91,28.4,12.68,17.25,74.11,56.14,40.849999999999994,66.97,67.81,11.06,16.97,3.19,22.400000000000002,79.65,20.349999999999998,39.300000000000004,1.11,59.589999999999996,24.32,17.26,BAA3,BAA3,BBB-,BBB-,BBB,BBB-,AAA,AAA,62777,14708,8,45,5,58.3,6957254,1061268,4.1000000000000005,22837457,12218,,2.4,-2.1,2706537885.0,6.800000000000001,24619152661.0
Bogotá,Total Bogotá,2014,7776845,3758224,4018621,384.0,1636.63,163663.08,20252.2,4751.74,1.34,45.0,38.0,52.0,47.0,48.4,46.300000000000004,,,,,,0.502,0.504,92.0,540.0,11.3,1.9,4.1000000000000005,10.100000000000001,15.8,,34.5,38.800000000000004,88.1,88.1,103.0,90.3,88.1,90.0,88.1,17.9,5.0,414,16708,1274295,16.2,3.6999999999999997,73.2,3.49,2.6,28.0,12.3,18.9,9.8,14.8,0.0,0.5,12.0,7.3,22.5,442,5.1,3138,1.67,8.19,Hipertensión arterial (Primaria); Otros dolores abdominales y los no especificados;  Caries de la dentina; Rinofaringitis aguda (Resfriado común); Infección de vías urinarias (Sitio no especificado).,Tumor maligno de la mama; parte no especificada; Leucemia linfoblástica aguda [lla]; Parálisis cerebral espástica cuadripléjica; Tumor maligno del estómago; parte no especificada; Tumor maligno del ovario,97.0,70.06,97.0,95.34,106.19000000000001,90.31,,89.5,78.5,88.2,92.9,71.2,1459764,10708,21072,15903,31572,52304,45633,78915,98277,2.31,0.8,2.07,0.8999999999999999,1.7999999999999998,0.7000000000000001,3.1,1.0,2.0,0.6,6.4,1.9,0.3,0.5,4.3,1.0999999999999999,9.9,3.6999999999999997,5.6000000000000005,1.7999999999999998,10.1,0.4,22.9,28.5,24.6,25.8,89298,10.979999999999999,61.28,27.74,54.04,21.13,16.45,28.000000000000004,68.0,4.0,29.13,53.54,17.32,100.0,0.0,0.0,,,,,,,31.0,38.0,23.0,8.0,20.0,33.0,36.0,11.0,10.0,45.0,36.0,9.0,37.0,33.0,22.0,9.0,18.0,23.0,30.0,28.999999999999996,9.0,30.0,47.0,14.000000000000002,20.0,26.0,46.0,8.0,14.000000000000002,34.0,43.0,10.0,,72.5,,66.0,,8.7,,180.0,13.0,,,43.7,,,41,0.5204,6288,80.9,2779,35.7,27753,356.9,4792,61.6,2294,29.5,,9822,21873,31695,407.5,17.5,1362,35.9,3.7,293,14.000000000000002,26.0,49.0,16.0,9.1,3.5999999999999996,5.5,2189486,3.5,36.8,39.900000000000006,8.1,8.3,46.2,46.800000000000004,87262,133538,1.6,421,9630,2526,7883,8776,,11274,6843,2991,5916,6563,606,4267,10051,6998,5294,20090,436,7672,6425,21255,27390,360830,2299222,,1763,,18868,816,,,,705,2402581,2419258,2429238,29879,1489187,869915,3801732,45174,385620,1992593,35352,339485,61.7,10.91,295715,11.0,301.0,2356200,,99.96000000000001,99.33,99.03999999999999,1700654,1675944,191075,189562,8.0,735496,99.9,,41199,196570,189207,82111,30139,29035,276263228,28.32,207437380,68754019,100.0,89.8,92.10000000000001,100.0,59.9,57.9,1471165,63.1,417637,114777,358737,,,,100,70,100,41,62,42,88,67,52,45,100,88,45,48,77886,75990,,,15638.0,24.2,52.0,23.0,17134,110369,83306,63.800000000000004,42.9,69.19999999999999,,83.0,8303964,33669,88.6,7.8,641,70.7,2.97,153,488,322,144,76,10,54,2057,564,10934,14793,320334,46468,,,66,52,67,42,31,34,40,30,,40.56,39.6,19.759999999999998,72.39999999999999,11.899999999999999,15.7,57.99999999999999,12.0,29.5,19.0,25.0,56.00000000000001,152.3,0.365,,,,,,,,24,540,385.0,15.7,1467578,421978,113843,52360,1612,1301,,,,,,,,,,,,,,,,,,,,,,,,,,,,,,436,78,1601,3318,,,,57.830000000000005,0.2,2.58,,,,,,,,,,,,,78.0,41691,10197,1448,3.0,19.0,,,,60.19,80.99,67.92,35.4,5.319999999999999,-3.06,79.41,56.03,45.07,69.42,75.32,11.72,20.599999999999998,2.75,22.830000000000002,80.08999999999999,19.91,41.81,1.37,50.06,25.97,18.360000000000003,BAA2,BAA2,BBB-,BBB-,BBB+,BBB+,AAA,AAA,74412,17248,6,53,4,58.099999999999994,8053283,1088451,4.3,,,,3.1,-3.9,2834302461.0,11.3,30052984062.0
Bogotá,Total Bogotá,2015,7878783,3810013,4068770,384.0,1636.63,163663.08,20517.66,4814.03,1.31,47.5,40.0,55.00000000000001,,,,,,,,,0.498,,,470.0,,2.0,,10.4,,,38.1,,90.7,90.60000000000001,107.4,98.0,90.7,106.5,90.2,16.6,4.8,364,15308,1291158,16.400000000000002,2.4,77.10000000000001,2.6,3.0,35.2,12.1,,8.7,13.4,0.2,0.2,10.8,5.6,27.3,467,5.1,8365,1.7,8.47,"hipertensión esencial (primaria) otros dolores abdominales y los no especificados otras gastroenteritis y colitis de origen infeccioso caries de la dentina rinofaringitis aguda [resfriado común]
OTROS DOLORES ABDOMINALES Y LOS NO ESPECIFICADOS
OTRAS GASTROENTERITIS Y COLITIS DE ORIGEN INFECCIOSO 
CARIES DE LA DENTINA
RINOFARINGITIS AGUDA [RESFRIADO COMÚN]
hipertensión esencial (primaria) otros dolores abdominales y los no especificados otras gastroenteritis y colitis de origen infeccioso caries de la dentina rinofaringitis aguda [resfriado común]",episodio depresivo; no especificado reacción al estrés agudo tensión y estado de choque emocional; no especificado tumor maligno de la mama; parte no especificada otros síntomas y signos que involucran el estado emocional,95.8,,82.0,96.39999999999999,103.0,87.5,,89.5,,,,,1455309,14145,22025,21377,31706,51502,46845,87024,100576,,,,,,,,,,,5.7299999999999995,1.97,0.31,0.69,3.7900000000000005,1.05,9.22,3.81,4.8,1.5599999999999998,10.2,,22.6,28.3,23.4,25.0,161800,13.0,61.6,25.4,75.1,18.0,6.800000000000001,55.00000000000001,45.0,0.0,29.4,54.900000000000006,15.7,100.0,0.0,0.0,,,,,,,30.0,36.0,24.0,10.0,22.0,35.0,34.0,9.0,10.0,45.0,36.0,9.0,38.0,30.0,23.0,8.0,22.0,27.0,30.0,20.0,8.0,28.000000000000004,51.0,13.0,,,,,,,,,,71.6,,65.4,,8.7,,,11.200000000000001,5.1,,43.6,,44420,44,0.5585,5919,75.1258,3272,41.5293,20053,254.519,3618,45.9,2293,29.1035,17,9485,18708,28193,357.8,17.1727,1353,30.63,3.5,278,,,,,,,,2228699,3.0,33.300000000000004,,8.7,,48.4,,,,,2191,13452,,6513,5266,72289,11579,12071,273,742,6116,2428,2517,15643,11623,2354,19993,429,5359,8355,19582,35803,703953,2566264,,,,19640,2787,,,,1295,2481705,2481705,2451826,29879,1531586,870995,3338932,45442,524714,926076,33296,340261,,,166927,7.000000000000001,280.0,2296520,,99.97,99.33,99.27,1747349,1722225,200165,198611,3.0,750418,99.9,,41825,198939,188905,81822,30306,28685,276801734,28.03,208225868,68575866,100.0,,91.0,,65.2,,1531579,,702565,246506,456059,3.69,6.0,,94,75,94,29,44,32,69,40,33,40,83,88,45,37,65506,63660,0.0,,15683.0,20.1,44.0,19.0,19045,89260,32746,45.5,55.7,41.8,,93.0,8326625,,,6.9,543,68.35,2.52,100,381,266,131,65,15,64,2444,,7259,14790,448122,34655,,,66,59,68,40,31,28,34,24,16,44.0,35.0,21.0,75.0,10.0,15.0,61.0,15.0,24.0,23.0,23.0,49.0,,0.39,,,17,23,23,,26,,,384.5,82.6,1541999,450906,113856,51547,,1326,,,,17.8,37.7,,3.6,27.1,32.519999999999996,,,151,187,46,130,59.699999999999996,,33.900000000000006,12.2,6.2,4.9,22.0,4.3999999999999995,2.6,5.3,17.0,1.5,11.0,12.2,514,78,1601,3318,569538,,0.1,97.5,0.24,2.0,,174713,51.55,49.81,52.959999999999994,,,,,4932,7810,1831,81.0,50479,10098,1481,2.0,16.0,,,,59.35,82.02000000000001,72.22,30.0,7.41,22.6,,,,,,9.55,17.77,2.5700000000000003,20.86,98.25,1.7500000000000002,53.7,2.12,42.42,32.190000000000005,14.680000000000001,BAA2,BAA2,BBB-,BBB-,BBB+,BBB+,AAA,AAA,59533,21704,5,52,,56.89999999999999,5481947,971199,3.9,,,,3.81,-20.13,2479447211.0,-30.2,22998245034.0
